中文名称,同义名称,英文名称,表达符号,数据类型,类词,长度,值域,计量单位,定义,参考来源,参考来源MJ,描述对象,所属分类
数据元标识符,,,,字符串型,标识符,0..20,自由文本,无,数据元注册机构为数据元分配的、在各信息系统中通用的、唯一的非自然语言标识符，是军民通用资源信息数据交换和共享的依据,GB_T37948-2019 军民通用资源数据元编制要求,公开,军民通用资源数据元编制，数据元属性,通用质量特性要求元数据
数据元名称,,,,字符串型,名称,2..40,自由文本,无,简练表达数据元含义的中文词组或短语,GB_T37948-2019 军民通用资源数据元编制要求,公开,军民通用资源数据元编制，数据元属性,通用质量特性要求元数据
数据元简称,,,,字符串型,名称,0..100,自由文本,无,数据元名称的缩略或简要称谓,GB_T37948-2019 军民通用资源数据元编制要求,公开,军民通用资源数据元编制，数据元属性,通用质量特性要求元数据
数据元同义名称,,,,字符串型,名称,0..200,自由文本,无,与规定的数据元名称具有相同含义，但表达方式不同的中文词语或短语,GB_T37948-2019 军民通用资源数据元编制要求,公开,军民通用资源数据元编制，数据元属性,通用质量特性要求元数据
数据元定义,,,,字符串型,文本,0..400,自由文本,无,准确、简练地表示一个数据元的本质特性并使其区别于所有其他数据元的陈述,GB_T37948-2019 军民通用资源数据元编制要求,公开,军民通用资源数据元编制，数据元属性,通用质量特性要求元数据
数据元值的数据类型,,,,字符串型,代码,6..20,自由文本,无,数据元值的逻辑数据类型,GB_T37948-2019 军民通用资源数据元编制要求,公开,军民通用资源数据元编制，数据元属性,通用质量特性要求元数据
数据元值的表示形式,,,,字符串型,文本,4..20,自由文本,无,数据元表示形式的名称或描述,GB_T37948-2019 军民通用资源数据元编制要求,公开,军民通用资源数据元编制，数据元属性,通用质量特性要求元数据
数据元值的参数,,,,字符串型,文本,0..20,自由文本,无,规定数据元值的字符长度、数值位数或精度的参数,GB_T37948-2019 军民通用资源数据元编制要求,公开,军民通用资源数据元编制，数据元属性,通用质量特性要求元数据
数据元值的计量单位,,,,字符串型,名称,0..20,自由文本,无,使数值型或表示形式为范围值得数据元产生实际意义的计算和度量单位,GB_T37948-2019 军民通用资源数据元编制要求,公开,军民通用资源数据元编制，数据元属性,通用质量特性要求元数据
数据元值的组成模式代码,,,,字符串型,代码,1..4,自由文本,无,表示数据元值构成要素的代码,GB_T37948-2019 军民通用资源数据元编制要求,公开,军民通用资源数据元编制，数据元属性,通用质量特性要求元数据
数据元值的交换格式,,,,字符串型,文本,4..100,自由文本,无,数据元值进行数据交换时的数据格式,GB_T37948-2019 军民通用资源数据元编制要求,公开,军民通用资源数据元编制，数据元属性,通用质量特性要求元数据
数据元值的存储格式,,,,字符串型,文本,0..100,自由文本,无,数据元值存储在数据库中的数据格式,GB_T37948-2019 军民通用资源数据元编制要求,公开,军民通用资源数据元编制，数据元属性,通用质量特性要求元数据
数据元值的录入格式,,,,字符串型,文本,0..100,自由文本,无,录入数据元值时的数据格式,GB_T37948-2019 军民通用资源数据元编制要求,公开,军民通用资源数据元编制，数据元属性,通用质量特性要求元数据
数据元值的显示格式,,,,字符串型,文本,0..100,自由文本,无,显示数据元值时的数据格式,GB_T37948-2019 军民通用资源数据元编制要求,公开,军民通用资源数据元编制，数据元属性,通用质量特性要求元数据
数据元的值域,,,,字符串型,文本,0..200,自由文本,无,数据元允许值的集合,GB_T37948-2019 军民通用资源数据元编制要求,公开,军民通用资源数据元编制，数据元属性,通用质量特性要求元数据
数据元取多值标识,,,,布尔型,文本,2,{是，否},无,表示数据元是否允许取多个值,GB_T37948-2019 军民通用资源数据元编制要求,公开,军民通用资源数据元编制，数据元属性,通用质量特性要求元数据
数据元关键字,,,,字符串型,文本,0..100,自由文本,无,用于数据元检索和管理的一个或多个有意义的字词,GB_T37948-2019 军民通用资源数据元编制要求,公开,军民通用资源数据元编制，数据元属性,通用质量特性要求元数据
数据元提交机构,,,,字符串型,名称,0..60,自由文本,无,对数据元提出增补、变更、废止的机构或部门,GB_T37948-2019 军民通用资源数据元编制要求,公开,军民通用资源数据元编制，数据元属性,通用质量特性要求元数据
数据元提交日期,,,,日期时间型,日期,8,YYYY-MM-DD,无,对数据元提出增补、变更、废止的日期,GB_T37948-2019 军民通用资源数据元编制要求,公开,军民通用资源数据元编制，数据元属性,通用质量特性要求元数据
数据元注册机构,,,,字符串型,文本,0..60,自由文本,无,经授权对数据元进行注册管理的组织,GB_T37948-2019 军民通用资源数据元编制要求,公开,军民通用资源数据元编制，数据元属性,通用质量特性要求元数据
数据元生效日期,,,,日期时间型,日期,8,YYYY-MM-DD,无,数据元发布实施，进入“标准”状态的日期,GB_T37948-2019 军民通用资源数据元编制要求,公开,军民通用资源数据元编制，数据元属性,通用质量特性要求元数据
数据元废止日期,,,,日期时间型,日期,8,YYYY-MM-DD,无,数据元进入“废止”状态失效的日期,GB_T37948-2019 军民通用资源数据元编制要求,公开,军民通用资源数据元编制，数据元属性,通用质量特性要求元数据
替代数据元标识符,,,,字符串型,标识符,0..80,自由文本,无,替代该数据元的其他数据元的标识符,GB_T37948-2019 军民通用资源数据元编制要求,公开,军民通用资源数据元编制，数据元属性,通用质量特性要求元数据
数据元注册状态,,,,字符串型,文本,0..4,自由文本,无,数据元在其注册的生命周期内所处状态,GB_T37948-2019 军民通用资源数据元编制要求,公开,军民通用资源数据元编制，数据元属性,通用质量特性要求元数据
数据元版本标识符,,,,字符串型,标识符,0..80,自由文本,无,数据元版本标识符是指注册机构赋予的反映数据元演变过程的标识符,GB_T37948-2019 军民通用资源数据元编制要求,公开,军民通用资源数据元编制，数据元属性,通用质量特性要求元数据
数据元附加说明,,,,字符串型,文本,0..400,自由文本,无,需要对数据元进行的其他说明,GB_T37948-2019 军民通用资源数据元编制要求,公开,军民通用资源数据元编制，数据元属性,通用质量特性要求元数据
固定资产名称,,,,字符串型,名称,0..40,自由文本,无,固定资产的中文名称,GB_T31360-2015 固定资产核心元数据,公开,固定资产，实体信息,资产管理元数据
固定资产使用方向,,,,字符串型,文本,0..40,自由文本,无,固定资产的使用方向，如自用、出租、出借、对外投资等,GB_T31360-2015 固定资产核心元数据,公开,固定资产，实体信息,资产管理元数据
固定资产使用状态,,,,字符串型,文本,0..40,自由文本,无,固定资产的使用现状，如库存、在用、闲置、报废等,GB_T31360-2015 固定资产核心元数据,公开,固定资产，实体信息,资产管理元数据
固定资产折旧状态,,,,字符串型,文本,0..40,自由文本,无,固定资产现阶段所属的折旧状态，如计提折旧、不提折旧、已完成折旧等,GB_T31360-2015 固定资产核心元数据,公开,固定资产，实体信息,资产管理元数据
固定资产生产厂家,,,,字符串型,名称,0..80,自由文本,无,固定资产的生产厂商名称,GB_T31360-2015 固定资产核心元数据,公开,固定资产，生产信息,资产管理元数据
固定资产品牌,,,,字符串型,名称,0..40,自由文本,无,固定资产的产品品牌,GB_T31360-2015 固定资产核心元数据,公开,固定资产，生产信息,资产管理元数据
固定资产规格型号,,,,字符串型,代码,0..40,自由文本,无,固定资产的规格型号,GB_T31360-2015 固定资产核心元数据,公开,固定资产，生产信息,资产管理元数据
固定资产供应商名称,,,,字符串型,名称,0..40,自由文本,无,固定资产的供应商名称,GB_T31360-2015 固定资产核心元数据,公开,固定资产，购置信息,资产管理元数据
固定资产购置合同编号,,,,字符串型,代码,0..80,自由文本,无,购置固定资产的合同的编号,GB_T31360-2015 固定资产核心元数据,公开,固定资产，购置信息,资产管理元数据
固定资产购置会计凭证号,,,,字符串型,代码,0..40,自由文本,无,固定资产购买单据对应的记账凭证编号,GB_T31360-2015 固定资产核心元数据,公开,固定资产，购置信息,资产管理元数据
固定资产发票号,,,,字符串型,代码,0..40,自由文本,无,固定资产供应商出具的发票编号,GB_T31360-2015 固定资产核心元数据,公开,固定资产，购置信息,资产管理元数据
固定资产取得方式,,,,字符串型,文本,0..2000,自由文本,无,描述固定资产的获得方式，如新购、调拨、捐赠、自建、置换、盘盈等,GB_T31360-2015 固定资产核心元数据,公开,固定资产，购置信息,资产管理元数据
固定资产取得日期,,,,日期时间型,日期,8,YYYY-MM-DD,无,获得固定资产的时间,GB_T31360-2015 固定资产核心元数据,公开,固定资产，购置信息,资产管理元数据
固定资产保修截止日期,,,,日期时间型,日期,8,YYYY-MM-DD,无,固定资产的承诺保修时间,GB_T31360-2015 固定资产核心元数据,公开,固定资产，购置信息,资产管理元数据
固定资产预计使用年限,,,,数值型,线度,12.3,"(0,999999999.999)",无,固定资产的预计使用年限,GB_T31360-2015 固定资产核心元数据,公开,固定资产，购置信息,资产管理元数据
固定资产财务入账状态,,,,字符串型,文本,0..40,自由文本,无,购置固定资产的入账形式，如已入账、未入账等,GB_T31360-2015 固定资产核心元数据,公开,固定资产，购置信息,资产管理元数据
固定资产采购组织形式,,,,字符串型,文本,0..80,自由文本,无,单位采购固定资产的方式，如政府集中采购、部门集中采购、分散采购等,GB_T31360-2015 固定资产核心元数据,公开,固定资产，购置信息,资产管理元数据
固定资产预算项目编号,,,,字符串型,代码,0..80,自由文本,无,采购固定资产的预算项目的编号,GB_T31360-2015 固定资产核心元数据,公开,固定资产，购置信息,资产管理元数据
固定资产价值类型,,,,字符串型,文本,0..40,自由文本,无,固定资产的所属价值的类型的描述，如原值、暂估值、评估值、重置值、无价值等,GB_T31360-2015 固定资产核心元数据,公开,固定资产，购置信息,资产管理元数据
固定资产标识符类型,,,,字符串型,文本,0..40,自由文本,无,标识固定资产的标识符的类型,GB_T31360-2015 固定资产核心元数据,公开,固定资产，标识信息,资产管理元数据
固定资产标识代码,,,,字符串型,代码,0..40,自由文本,无,标识固定资产的标识符的代码,GB_T31360-2015 固定资产核心元数据,公开,固定资产，标识信息,资产管理元数据
固定资产分类标准,,,,字符串型,文本,0..40,自由文本,无,固定资产分类采用的国际、国家、行业、地方、企业标准等,GB_T31360-2015 固定资产核心元数据,公开,固定资产，分类信息,资产管理元数据
固定资产分类代码,,,,字符串型,代码,0..40,自由文本（注：可采用03/1：14885-2010等标准中规定的代码）,无,固定资产分类对应的代码,GB_T31360-2015 固定资产核心元数据,公开,固定资产，分类信息,资产管理元数据
固定资产分类名称,,,,字符串型,名称,0..40,自由文本,无,固定资产分类体系中固定资产的分类代码对应的中文名称,GB_T31360-2015 固定资产核心元数据,公开,固定资产，分类信息,资产管理元数据
固定资产单价,,,,数值型,数量,12,"(0,999999999999)",无,固定资产的单位数量的价格,GB_T31360-2015 固定资产核心元数据,公开,固定资产，价值信息,资产管理元数据
固定资产价格货币名称,,,,字符串型,名称,0..40,建议采用GB/T12406-2008中规定的名称,无,单价的币种，如人民币、美元等,GB_T31360-2015 固定资产核心元数据,公开,固定资产，价值信息,资产管理元数据
固定资产计量单位,,,,字符串型,名称,0..20,建议采用GB/T17295-2008中规定的名称,无,计量固定资产的标准量的名称，如台、件等,GB_T31360-2015 固定资产核心元数据,公开,固定资产，价值信息,资产管理元数据
固定资产使用人名称,,,,字符串型,名称,0..40,自由文本,无,对固定资产进行相关操作(如使用和管理)人员的姓名,GB_T31360-2015 固定资产核心元数据,公开,固定资产，归属信息,资产管理元数据
固定资产所属单位名称,,,,字符串型,名称,0..40,自由文本,无,单位的中文名称,GB_T31360-2015 固定资产核心元数据,公开,固定资产，归属信息,资产管理元数据
固定资产所属部门名称,,,,字符串型,名称,0..40,自由文本,无,固定资产归属部门的名称,GB_T31360-2015 固定资产核心元数据,公开,固定资产，归属信息,资产管理元数据
固定资产存放地点,,,,字符串型,名称,0..40,自由文本,无,固定资产的实际存放地点,GB_T31360-2015 固定资产核心元数据,公开,固定资产，归属信息,资产管理元数据
固定资产所属组织机构代码,,,,字符串型,代码,0..40,自由文本,无,单位的组织机构代码,GB_T31360-2015 固定资产核心元数据,公开,固定资产，归属信息,资产管理元数据
固定资产所属单位地址,,,,字符串型,名称,0..80,自由文本,无,单位的中文详细地址,GB_T31360-2015 固定资产核心元数据,公开,固定资产，归属信息,资产管理元数据
固定资产所属单位邮政编码,,,,字符串型,代码,0..40,自由文本,无,单位的邮政编码,GB_T31360-2015 固定资产核心元数据,公开,固定资产，归属信息,资产管理元数据
固定资产使用人联系电话,,,,字符串型,代码,0..80,自由文本,无,对固定资产进行相关操作(如使用和管理）的人员的联系电话,GB_T31360-2015 固定资产核心元数据,公开,固定资产，归属信息,资产管理元数据
固定资产使用人电子邮箱,,,,字符串型,代码,0..80,自由文本,无,固定资产使用人的电子邮箱,GB_T31360-2015 固定资产核心元数据,公开,固定资产，归属信息,资产管理元数据
固定资产业务名称,,,,字符串型,名称,0..80,自由文本,无,对固定资产进行相关管理操作的名称,GB_T31360-2015 固定资产核心元数据,公开,固定资产，业务信息,资产管理元数据
固定资产业务代码,,,,字符串型,代码,0..40,自由文本,无,固定资产进行相关管理操作的代码,GB_T31360-2015 固定资产核心元数据,公开,固定资产，业务信息,资产管理元数据
固定资产业务执行日期,,,,日期时间型,日期,8,YYYY-MM-DD,无,固定资产业务活动的时间,GB_T31360-2015 固定资产核心元数据,公开,固定资产，业务信息,资产管理元数据
固定资产业务执行人,,,,字符串型,名称,0..20,自由文本,无,实施固定资产业务活动的人员名称,GB_T31360-2015 固定资产核心元数据,公开,固定资产，业务信息,资产管理元数据
固定资产业务描述,,,,字符串型,文本,0..255,自由文本,无,业务活动相关信息的描述,GB_T31360-2015 固定资产核心元数据,公开,固定资产，业务信息,资产管理元数据
科技平台服务名称,,,,字符串型,名称,0..20,自由文本,无,标识科技平台服务的中文名称。科技平台是运用现代信息技术等手段，有效整合科技资源，为全社会的科技创新和经济社会发展提供共享服务的网络化、社会化的组织体系。,GB_T31073-2014 科技平台服务核心元数据,公开,科技平台,通用元数据
科技平台服务关键词,,,,字符串型,文本,0..255,自由文本,无,用于描述科技平台服务信息主题的通用词、形式化词或短语,GB_T31073-2014 科技平台服务核心元数据,公开,科技平台,通用元数据
科技平台服务分类,,,,字符串型,文本,0..255,自由文本,无,科技平台服务的类别信息,GB_T31073-2014 科技平台服务核心元数据,公开,科技平台,通用元数据
科技平台服务类目名称,,,,字符串型,名称,0..20,自由文本,无,分类标准中对应类目的中文名称全称,GB_T31073-2014 科技平台服务核心元数据,公开,科技平台，服务分类,通用元数据
科技平台服务类目代码,,,,字符串型,代码,0..20,自由文本,无,分类标准中类目名称对应的代码,GB_T31073-2014 科技平台服务核心元数据,公开,科技平台，服务分类,通用元数据
科技平台服务分类标准名称,,,,字符串型,名称,0..20,自由文本,无,分类标准的名称,GB_T31073-2014 科技平台服务核心元数据,公开,科技平台，服务分类,通用元数据
科技平台服务分类标准版本号,,,,字符串型,代码,0..255,自由文本,无,分类标准的版本号,GB_T31073-2014 科技平台服务核心元数据,公开,科技平台，服务分类,通用元数据
科技平台服务最近发布日期,,,,日期时间型,日期,8,YYYY-MM-DD,无,最近一次发布科技平台服务信息的日期,GB_T31073-2014 科技平台服务核心元数据,公开,科技平台,通用元数据
科技平台服务内容描述,,,,字符串型,文本,0..255,自由文本,无,对科技平台服务内容的综合性介绍包括服务的来源、特征、指标、用途、方式等,GB_T31073-2014 科技平台服务核心元数据,公开,科技平台,通用元数据
科技平台服务访问限制,,,,字符串型,文本,0..255,公开级为1，限制级为2。,无,为保护隐私权或知识产权，对访问科技平台服务信息施加的限制或约束,GB_T31073-2014 科技平台服务核心元数据,公开,科技平台,通用元数据
科技平台服务资源标识代码,,,,字符串型,代码,0..20,自由文本,无,标识科技平台服务对应资源的代码表示,GB_T31073-2014 科技平台服务核心元数据,公开,科技平台,通用元数据
科技平台服务资源名称,,,,字符串型,名称,0..20,自由文本,无,标识科技平台服务对应资源的中文名称全称,GB_T31073-2014 科技平台服务核心元数据,公开,科技平台,通用元数据
科技平台服务服务方信息,,,,字符串型,文本,0..255,自由文本,无,描述提供科技平台服务的单位或机构的一组信息,GB_T31073-2014 科技平台服务核心元数据,公开,科技平台,通用元数据
科技平台服务提供方机构名称,,,,字符串型,名称,0..20,自由文本,无,标识科技平台服务提供方的组织机构的中文名称全称,GB_T31073-2014 科技平台服务核心元数据,公开,科技平台，服务提供方信息,通用元数据
科技平台服务提供方通信地址,,,,字符串型,文本,0..255,自由文本,无,与科技平台服务提供方联系的通信地址,GB_T31073-2014 科技平台服务核心元数据,公开,科技平台，服务提供方信息,通用元数据
科技平台服务提供方邮政编码,,,,字符串型,代码,0..20,自由文本,无,与科技平台服务提供方通信地址相对应的邮政编码,GB_T31073-2014 科技平台服务核心元数据,公开,科技平台，服务提供方信息,通用元数据
科技平台服务提供方联系电话,,,,字符串型,代码,0..255,自由文本,无,科技平台服务提供方联系人的联系电话,GB_T31073-2014 科技平台服务核心元数据,公开,科技平台，服务提供方信息,通用元数据
科技平台服务提供方电子信箱,,,,字符串型,文本,0..255,自由文本,无,科技平台服务提供方联系人的电子邮件地址,GB_T31073-2014 科技平台服务核心元数据,公开,科技平台，服务提供方信息,通用元数据
科技平台服务提供方服务网址,,,,字符串型,文本,0..255,自由文本,无,科技平台服务提供方提供服务的互联网链接地址,GB_T31073-2014 科技平台服务核心元数据,公开,科技平台，服务提供方信息,通用元数据
科技资源标识符,,,,字符串型,标识符,0..20,自由文本,无,科技资源的唯一标识编码。科技资源是用于科技活动的人力、物力、财力以及组织、管理、信息等要素的总称。,GB_T30523-2014 科技平台资源核心元数据,公开,科技资源,通用元数据
科技资源名称,,,,字符串型,名称,0..20,自由文本,无,科技资源的名称。,GB_T30523-2014 科技平台资源核心元数据,公开,科技资源,通用元数据
科技资源最近提交日期,,,,日期时间型,日期,8,YYYY-MM-DD,无,最近一次提交核心元数据的日,GB_T30523-2014 科技平台资源核心元数据,公开,科技资源,通用元数据
科技资源描述,,,,字符串型,文本,0..255,自由文本,无,科技资源内容的综述性介绍包括科技资源的来源、特征、指标、用途等,GB_T30523-2014 科技平台资源核心元数据,公开,科技资源,通用元数据
科技资源提交机构,,,,字符串型,名称,0..20,自由文本,无,提交资源核心元数据的单位或机构,GB_T30523-2014 科技平台资源核心元数据,公开,科技资源,通用元数据
科技资源提交机构名称,,,,字符串型,名称,0..20,自由文本,无,提交机构的组织机构名称,GB_T30523-2014 科技平台资源核心元数据,公开,科技资源，提交机构,通用元数据
科技资源提交机构通信地址,,,,字符串型,名称,0..255,自由文本,无,与提交机构联系的通信地址,GB_T30523-2014 科技平台资源核心元数据,公开,科技资源，提交机构,通用元数据
科技资源提交机构邮政编码,,,,字符串型,代码,0..12,自由文本,无,与提交机构通信地址相对应的邮政编码,GB_T30523-2014 科技平台资源核心元数据,公开,科技资源，提交机构,通用元数据
科技资源提交机构联系电话,,,,字符串型,代码,0..255,自由文本,无,提交机构联系人的联系电话,GB_T30523-2014 科技平台资源核心元数据,公开,科技资源，提交机构,通用元数据
科技资源提交机构电子信箱,,,,字符串型,代码,0..255,自由文本,无,提交机构联系人的电子邮件地址,GB_T30523-2014 科技平台资源核心元数据,公开,科技资源，提交机构,通用元数据
科技资源关键词,,,,字符串型,文本,0..255,自由文本,无,用于描述资源信息主题的通用词、形式化词或短语,GB_T30523-2014 科技平台资源核心元数据,公开,科技资源,通用元数据
科技资源访问限制,,,,字符串型,文本,0..255,公开级为1，限制级为2,无,为保护隐私权或知识产权，对访问资源信息施加的限制或约束,GB_T30523-2014 科技平台资源核心元数据,公开,科技资源,通用元数据
科技资源资源类别,,,,字符串型,文本,0..255,自由文本,无,资源的分类信息,GB_T30523-2014 科技平台资源核心元数据,公开,科技资源,通用元数据
科技资源类目名称,,,,字符串型,名称,0..20,自由文本,无,用于描述资源主题的通用词、形式化词或短语,GB_T30523-2014 科技平台资源核心元数据,公开,科技资源，资源类别,通用元数据
科技资源类目代码,,,,字符串型,代码,12..24,自由文本,无,分类标准中类目名称对应的代码,GB_T30523-2014 科技平台资源核心元数据,公开,科技资源，资源类别,通用元数据
科技资源分类标准名称,,,,字符串型,名称,0..20,自由文本,无,分类标准名称,GB_T30523-2014 科技平台资源核心元数据,公开,科技资源，资源类别,通用元数据
科技资源分类标准版本号,,,,字符串型,代码,12..24,自由文本,无,分类标准的版本号,GB_T30523-2014 科技平台资源核心元数据,公开,科技资源，资源类别,通用元数据
科技资源信息链接地址,,,,字符串型,名称,0..255,自由文本,无,资源详细信息的有效绝对网络地址,GB_T30523-2014 科技平台资源核心元数据,公开,科技资源,通用元数据
信息资源标识符,,,,字符串型,标识符,0..20,自由文本,无,信息资源的唯一标识,GB_T26816-2011 信息资源核心元数据,公开,信息资源,通用质量特性要求元数据
信息资源名称,,,,字符串型,名称,0..40,自由文本,无,信息资源的名称,GB_T26816-2011 信息资源核心元数据,公开,信息资源,通用质量特性要求元数据
信息资源关键字,,,,字符串型,文本,0..40,自由文本,无,描述信息资源主题的词语,GB_T26816-2011 信息资源核心元数据,公开,信息资源,通用质量特性要求元数据
信息资源责任者,,,,字符串型,名称,0..40,自由文本,无,负责信息资源的创建、保存、管理、发布或提供服务的单位,GB_T26816-2011 信息资源核心元数据,公开,信息资源,通用质量特性要求元数据
信息资源责任者名称,,,,字符串型,名称,0..40,自由文本,无,信息资源责任者名称,GB_T26816-2011 信息资源核心元数据,公开,信息资源,通用质量特性要求元数据
信息资源责任者类型,,,,字符串型,文本,0..40,自由文本,无,信息资源责汀艿所的类哂,GB_T26816-2011 信息资源核心元数据,公开,信息资源,通用质量特性要求元数据
责任者通信地址,,,,字符串型,名称,0..40,自由文本,无,信息资源责任者联系的通信地址,GB_T26816-2011 信息资源核心元数据,公开,信息资源,通用质量特性要求元数据
责任者邮政编码,,,,字符串型,代码,0..40,自由文本,无,信息资源责任者通信地址相对应的邮政编码,GB_T26816-2011 信息资源核心元数据,公开,信息资源,通用质量特性要求元数据
责任者联系电话,,,,字符串型,代码,0..20,自由文本,无,信息资源责任者的联系电话,GB_T26816-2011 信息资源核心元数据,公开,信息资源,通用质量特性要求元数据
责任者电子邮件地址,,,,字符串型,名称,0..40,自由文本,无,信息资源责任者的电子邮件地址,GB_T26816-2011 信息资源核心元数据,公开,信息资源,通用质量特性要求元数据
信息资源分类,,,,字符串型,文本,0..40,自由文本,无,信息资源的分类信息,GB_T26816-2011 信息资源核心元数据,公开,信息资源,通用质量特性要求元数据
信息资源类目名称,,,,字符串型,名称,0..20,自由文本,无,信息资源分类中某个具体类目,GB_T26816-2011 信息资源核心元数据,公开,信息资源,通用质量特性要求元数据
类目编码,,,,字符串型,代码,0..20,自由文本,无,类目名称对应的编码,GB_T26816-2011 信息资源核心元数据,公开,信息资源,通用质量特性要求元数据
信息资源分类标准名称,,,,字符串型,名称,0..40,自由文本,无,信息资源分类标准的名称,GB_T26816-2011 信息资源核心元数据,公开,信息资源,通用质量特性要求元数据
信息资源分类标准版本号,,,,字符串型,代码,0..40,自由文本,无,信息资源分类标准的版本号,GB_T26816-2011 信息资源核心元数据,公开,信息资源,通用质量特性要求元数据
信息资源访问限制,,,,字符串型,文本,0..40,公开级为1，限制级为2,无,对访问信息资源施加的限制或约束,GB_T26816-2011 信息资源核心元数据,公开,信息资源,通用质量特性要求元数据
信息资源相关日期,,,,日期时间型,日期,8,YYYY-MM-DD,无,信息资源的相关日期,GB_T26816-2011 信息资源核心元数据,公开,信息资源,通用质量特性要求元数据
信息资源最新修改日期,,,,日期时间型,日期,8,YYYY-MM-DD,无,最近一次修改信息资源的日期,GB_T26816-2011 信息资源核心元数据,公开,信息资源,通用质量特性要求元数据
信息资源发布日期,,,,日期时间型,日期,8,YYYY-MM-DD,无,发布信息资源的日期,GB_T26816-2011 信息资源核心元数据,公开,信息资源,通用质量特性要求元数据
信息资源摘要,,,,字符串型,文本,0..40,自由文本,无,对信息资源内容进行概要说明的文字,GB_T26816-2011 信息资源核心元数据,公开,信息资源,通用质量特性要求元数据
信息资源链接地址,,,,字符串型,名称,0..40,自由文本，按RFC2396规定,无,可以获取信息资源的有效网络地址,GB_T26816-2011 信息资源核心元数据,公开,信息资源,通用质量特性要求元数据
管理项,,,,字符串型,文本,0..255,自由文本,无,通过管理记录记录其管理信息的注册项,GB_T18391.6-2009 信息技术元数据注册系统(MDR)第6部分:注册,公开,注册,通用质量特性要求元数据
管理记录,,,,字符串型,文本,0..256,自由文本,无,有关一个管理项的一个信息的总和,GB_T18391.6-2009 信息技术元数据注册系统(MDR)第6部分:注册,公开,注册,通用质量特性要求元数据
管理项标识符,,,,字符串型,标识符,0..20,自由文本,无,赋予一个管理项的标识符,GB_T18391.6-2009 信息技术元数据注册系统(MDR)第6部分:注册,公开,注册,通用质量特性要求元数据
项注册机构标识符,,,,字符串型,标识符,0..20,自由文本,无,对项进行注册的注册机构的标识符,GB_T18391.6-2009 信息技术元数据注册系统(MDR)第6部分:注册,公开,注册,通用质量特性要求元数据
国际代码分配符,,,,字符串型,标识符,0..20,自由文本,无,一个组织标识方案的标识符,GB_T18391.6-2009 信息技术元数据注册系统(MDR)第6部分:注册,公开,注册,通用质量特性要求元数据
组织标识符,,,,字符串型,标识符,0..20,自由文本,无,在一个组织标识方案中赋予一个组织，且在该方案中具有唯一性的标识符,GB_T18391.6-2009 信息技术元数据注册系统(MDR)第6部分:注册,公开,注册,通用质量特性要求元数据
OPI来源,,,,字符串型,文本,0..40,自由文本,无,组织内部机构标识符的来源,GB_T18391.6-2009 信息技术元数据注册系统(MDR)第6部分:注册,公开,注册,通用质量特性要求元数据
组织内部机构标识符,,,,字符串型,标识符,0..20,自由文本,无,分配给一个特定组织内部机构的一个标识符,GB_T18391.6-2009 信息技术元数据注册系统(MDR)第6部分:注册,公开,注册,通用质量特性要求元数据
数据标识符,,,,字符串型,标识符,0..20,自由文本,无,一个注册机构内一个管理项的唯一标识符,GB_T18391.6-2009 信息技术元数据注册系统(MDR)第6部分:注册,公开,注册,通用质量特性要求元数据
管理项版本,,,,字符串型,文本,0..20,自由文本,无,管理项唯一的版本标识符,GB_T18391.6-2009 信息技术元数据注册系统(MDR)第6部分:注册,公开,注册,通用质量特性要求元数据
注册状态,,,,字符串型,文本,0..15,自由文本,无,一个管理项在注册生命周期中状态的一个指标,GB_T18391.6-2009 信息技术元数据注册系统(MDR)第6部分:注册,公开,注册,通用质量特性要求元数据
管理状态,,,,字符串型,文本,0..15,自由文本,无,注册机构处理注册请求中赋予管理过程状态的一个指标,GB_T18391.6-2009 信息技术元数据注册系统(MDR)第6部分:注册,公开,注册,通用质量特性要求元数据
生成日期,,,,日期时间型,日期,8,YYYY-MM-DD,无,管理项生成的日期,GB_T18391.6-2009 信息技术元数据注册系统(MDR)第6部分:注册,公开,注册,通用质量特性要求元数据
生效日期,,,,日期时间型,日期,8,YYYY-MM-DD,无,一个管理项对注册系统用户生效的日期,GB_T18391.6-2009 信息技术元数据注册系统(MDR)第6部分:注册,公开,注册,通用质量特性要求元数据
最新更改日期,,,,日期时间型,日期,8,YYYY-MM-DD,无,管理项最近修改的日期,GB_T18391.6-2009 信息技术元数据注册系统(MDR)第6部分:注册,公开,注册,通用质量特性要求元数据
终止日期,,,,日期时间型,日期,8,YYYY-MM-DD,无,一个管理项在注册系统中不再有效的日期,GB_T18391.6-2009 信息技术元数据注册系统(MDR)第6部分:注册,公开,注册,通用质量特性要求元数据
管理注解,,,,字符串型,文本,0..255,自由文本,无,关于管理项的概要性注释,GB_T18391.6-2009 信息技术元数据注册系统(MDR)第6部分:注册,公开,注册,通用质量特性要求元数据
更改描述,,,,字符串型,文本,0..255,自由文本,无,对管理项自前一个版本以来所发生的变化的描述,GB_T18391.6-2009 信息技术元数据注册系统(MDR)第6部分:注册,公开,注册,通用质量特性要求元数据
解释性备注,,,,字符串型,文本,0..255,自由文本,无,关于管理项的描述性备注,GB_T18391.6-2009 信息技术元数据注册系统(MDR)第6部分:注册,公开,注册,通用质量特性要求元数据
管理项起源,,,,字符串型,文本,0..255,自由文本,无,〈管理项〉管理项的来源(文件、项目、学科或模型）,GB_T18391.6-2009 信息技术元数据注册系统(MDR)第6部分:注册,公开,注册,通用质量特性要求元数据
未决事项,,,,字符串型,文本,0..255,自由文本,无,尚未解决的有关管理项彻底文档化的任何问题,GB_T18391.6-2009 信息技术元数据注册系统(MDR)第6部分:注册,公开,注册,通用质量特性要求元数据
注册机构,,,,字符串型,名称,0..40,自由文本,无,负责维护一个注册薄的组织,GB_T18391.6-2009 信息技术元数据注册系统(MDR)第6部分:注册,公开,注册,通用质量特性要求元数据
注册机构标识符,,,,字符串型,标识符,0..80,自由文本,无,对项进行注册的注册机构的标识符,GB_T18391.6-2009 信息技术元数据注册系统(MDR)第6部分:注册,公开,注册,通用质量特性要求元数据
国际代码分配符,,,,字符串型,代码,0..40,自由文本,无,一个组织标识方案的标识符,GB_T18391.6-2009 信息技术元数据注册系统(MDR)第6部分:注册,公开,注册,通用质量特性要求元数据
组织标识符,,,,字符串型,标识符,0..80,自由文本,无,在一个组织标识方案中赋予一个组织，且在该方案中具有唯一性的标识符,GB_T18391.6-2009 信息技术元数据注册系统(MDR)第6部分:注册,公开,注册,通用质量特性要求元数据
组织内部机构标识符,,,,字符串型,标识符,0..80,自由文本,无,分配给一个特定组织内部机构的一个标识符,GB_T18391.6-2009 信息技术元数据注册系统(MDR)第6部分:注册,公开,注册,通用质量特性要求元数据
组织OPI来源,,,,字符串型,文本,0..255,自由文本,无,组织内部机构标识符的来源,GB_T18391.6-2009 信息技术元数据注册系统(MDR)第6部分:注册,公开,注册,通用质量特性要求元数据
机构组织,,,,字符串型,名称,0..40,自由文本,无,为了某种目的，一个或多个人运作或指定其运作的一个特定机构架构,GB_T18391.6-2009 信息技术元数据注册系统(MDR)第6部分:注册,公开,注册,通用质量特性要求元数据
组织名称,,,,字符串型,名称,0..40,自由文本,无,组织的一个名称,GB_T18391.6-2009 信息技术元数据注册系统(MDR)第6部分:注册,公开,注册,通用质量特性要求元数据
组织通信地址,,,,字符串型,名称,0..40,自由文本,无,组织的自然、邮政或递送地址,GB_T18391.6-2009 信息技术元数据注册系统(MDR)第6部分:注册,公开,注册,通用质量特性要求元数据
注册者,,,,字符串型,文本,0..40,自由文本,无,一个注册机构的代表,GB_T18391.6-2009 信息技术元数据注册系统(MDR)第6部分:注册,公开,注册,通用质量特性要求元数据
注册者标识符,,,,字符串型,标识符,0..20,自由文本,无,用于注册者的标识符,GB_T18391.6-2009 信息技术元数据注册系统(MDR)第6部分:注册,公开,注册,通用质量特性要求元数据
注册者联系,,,,字符串型,代码,0..16,自由文本,无,与一个注册者相关联的联系信息,GB_T18391.6-2009 信息技术元数据注册系统(MDR)第6部分:注册,公开,注册,通用质量特性要求元数据
联系方名称,,,,字符串型,名称,0..40,自由文本,无,联系方的名称,GB_T18391.6-2009 信息技术元数据注册系统(MDR)第6部分:注册,公开,注册,通用质量特性要求元数据
联系信息,,,,字符串型,文本,0..20,自由文本,无,能够定位或联络到一个联系方的信息,GB_T18391.6-2009 信息技术元数据注册系统(MDR)第6部分:注册,公开,注册,通用质量特性要求元数据
联系方职衔,,,,字符串型,文本,0..20,自由文本,无,联系方职位的名称,GB_T18391.6-2009 信息技术元数据注册系统(MDR)第6部分:注册,公开,注册,通用质量特性要求元数据
文档语言标识符,,,,字符串型,标识符,0..20,自由文本,无,注册机构用于文档记录的语言的标识符,GB_T18391.6-2009 信息技术元数据注册系统(MDR)第6部分:注册,公开,注册,通用质量特性要求元数据
语言标识符,,,,字符串型,标识符,0..80,自由文本,无,一个术语条目中表明某种语言的名称的信息,GB_T18391.6-2009 信息技术元数据注册系统(MDR)第6部分:注册,公开,注册,通用质量特性要求元数据
国家标识符,,,,字符串型,标识符,0..20,自由文本,无,语言标识可进一步规定与语言相关联的地理政治区域的国家的标识符,GB_T18391.6-2009 信息技术元数据注册系统(MDR)第6部分:注册,公开,注册,通用质量特性要求元数据
(管理项的)指称,,,,字符串型,名称,0..20,自由文本,无,一个管理项在一个语境中的指称,GB_T18391.6-2009 信息技术元数据注册系统(MDR)第6部分:注册,公开,注册,通用质量特性要求元数据
管理项名称,,,,字符串型,名称,0..40,自由文本,无,(管理项)在一个特定语境中指定给一个管理项的名称,GB_T18391.6-2009 信息技术元数据注册系统(MDR)第6部分:注册,公开,注册,通用质量特性要求元数据
首选指称,,,,字符串型,名称,0..20,自由文本,无,用以表明管理项的某个名称在一种语言中是首选术语的指示符,GB_T18391.6-2009 信息技术元数据注册系统(MDR)第6部分:注册,公开,注册,通用质量特性要求元数据
(管理项的)定义,,,,字符串型,文本,0..255,自由文本,无,管理项在一个语境中的定义,GB_T18391.6-2009 信息技术元数据注册系统(MDR)第6部分:注册,公开,注册,通用质量特性要求元数据
定义文本,,,,字符串型,文本,0..40,自由文本,无,定义的文本,GB_T18391.6-2009 信息技术元数据注册系统(MDR)第6部分:注册,公开,注册,通用质量特性要求元数据
首选定义,,,,字符串型,文本,0..255,自由文本,无,用以表明管理项的某个定义文本在一种语言中是首选定义的指示符,GB_T18391.6-2009 信息技术元数据注册系统(MDR)第6部分:注册,公开,注册,通用质量特性要求元数据
定义来源引用,,,,字符串型,文本,0..255,自由文本,无,定义来源的一个依据,GB_T18391.6-2009 信息技术元数据注册系统(MDR)第6部分:注册,公开,注册,通用质量特性要求元数据
引用文档标识符,,,,字符串型,标识符,0..20,自由文本,无,引用文档的一个标识符,GB_T18391.6-2009 信息技术元数据注册系统(MDR)第6部分:注册,公开,注册,通用质量特性要求元数据
引用组织,,,,字符串型,名称,0..40,自由文本,无,一份引用文档与一个组织之间的关系,GB_T18391.6-2009 信息技术元数据注册系统(MDR)第6部分:注册,公开,注册,通用质量特性要求元数据
组织名称,,,,字符串型,名称,0..40,自由文本,无,组织的一个指称,GB_T18391.6-2009 信息技术元数据注册系统(MDR)第6部分:注册,公开,注册,通用质量特性要求元数据
组织通信地址,,,,字符串型,名称,0..40,自由文本,无,组织的自然、邮政或递送地址,GB_T18391.6-2009 信息技术元数据注册系统(MDR)第6部分:注册,公开,注册,通用质量特性要求元数据
引用文档语言标识符,,,,字符串型,标识符,0..80,自由文本,无,引用文档语言标识符引用文档所使用的自然或专用语言的标识符,GB_T18391.6-2009 信息技术元数据注册系统(MDR)第6部分:注册,公开,注册,通用质量特性要求元数据
语言标识符,,,,字符串型,标识符,0..20,自由文本,无,一个术语条目中表明某种语言的名称的信息,GB_T18391.6-2009 信息技术元数据注册系统(MDR)第6部分:注册,公开,注册,通用质量特性要求元数据
国家标识符,,,,字符串型,标识符,0..20,自由文本,无,语言标识可进一步指明与语言相关联的地理政治区域的国家的标识符,GB_T18391.6-2009 信息技术元数据注册系统(MDR)第6部分:注册,公开,注册,通用质量特性要求元数据
引用文档标题,,,,字符串型,名称,0..40,自由文本,无,引用文档的标题,GB_T18391.6-2009 信息技术元数据注册系统(MDR)第6部分:注册,公开,注册,通用质量特性要求元数据
引用文档类型描述,,,,字符串型,文本,0..40,自由文本,无,引用文档类型的一个描述,GB_T18391.6-2009 信息技术元数据注册系统(MDR)第6部分:注册,公开,注册,通用质量特性要求元数据
引用文档,,,,二进制型,文件,-,自由文本,无,一份文档，它为查阅主题提供相关细节,GB_T18391.6-2009 信息技术元数据注册系统(MDR)第6部分:注册,公开,注册,通用质量特性要求元数据
引用文档标识符,,,,字符串型,标识符,0..20,自由文本,无,i引用文档的一个标识符,GB_T18391.6-2009 信息技术元数据注册系统(MDR)第6部分:注册,公开,注册,通用质量特性要求元数据
引用组织,,,,字符串型,名称,0..40,自由文本,无,一份引用文档与一个组织之间的关系,GB_T18391.6-2009 信息技术元数据注册系统(MDR)第6部分:注册,公开,注册,通用质量特性要求元数据
组织名称,,,,字符串型,名称,0..40,自由文本,无,组织的一个指称,GB_T18391.6-2009 信息技术元数据注册系统(MDR)第6部分:注册,公开,注册,通用质量特性要求元数据
组织通信地址,,,,字符串型,名称,0..40,自由文本,无,组织的自然、邮政或递送地址,GB_T18391.6-2009 信息技术元数据注册系统(MDR)第6部分:注册,公开,注册,通用质量特性要求元数据
引用文档语言标识符,,,,字符串型,标识符,0..80,自由文本,无,引用文档所使用的自然或专用语言的标识符,GB_T18391.6-2009 信息技术元数据注册系统(MDR)第6部分:注册,公开,注册,通用质量特性要求元数据
语言标识符,,,,字符串型,标识符,0..20,自由文本,无,一个术语条目中表明某种语言的名称的信息,GB_T18391.6-2009 信息技术元数据注册系统(MDR)第6部分:注册,公开,注册,通用质量特性要求元数据
国家标识符,,,,字符串型,标识符,0..20,自由文本,无,语言标识可进一步指明与语言相关联的地理政治区域的国家的标识符,GB_T18391.6-2009 信息技术元数据注册系统(MDR)第6部分:注册,公开,注册,通用质量特性要求元数据
引用文档标题,,,,字符串型,名称,0..40,自由文本,无,引用文档的标题,GB_T18391.6-2009 信息技术元数据注册系统(MDR)第6部分:注册,公开,注册,通用质量特性要求元数据
引用文档类型描述,,,,字符串型,文本,0..40,自由文本,无,引用文挡类型的一个描述,GB_T18391.6-2009 信息技术元数据注册系统(MDR)第6部分:注册,公开,注册,通用质量特性要求元数据
被分类组分标识符,,,,字符串型,标识符,0..20,自由文本,无,在语言上中性的、唯一的且明确无误的标识符，用于标识和引用某个已分类组分,GB_T18391.2-2003 信息技术数据元的规范与标准化第2部分:数据元的分类,公开,分类属性,通用质量特性要求元数据
被分类组分名称,,,,字符串型,名称,0..20,自由文本,无,以分类为条件的数据元组分韵名称，如q象类、特性、表示类、值域、数据元概念和数据元,GB_T18391.2-2003 信息技术数据元的规范与标准化第3部分:数据元的分类,公开,分类属性,通用质量特性要求元数据
分类模式类型,,,,字符串型,名称,0..255,自由文本,无,从中抽取分类项的分类模式的类型,GB_T18391.2-2003 信息技术数据元的规范与标准化第4部分:数据元的分类,公开,分类属性,通用质量特性要求元数据
分类模式标识符,,,,字符串型,标识符,0..20,自由文本,无,在语言上中性的、唯一的且明确无误的标识符，用于标识和引用某个已分类组分,GB_T18391.2-2003 信息技术数据元的规范与标准化第5部分:数据元的分类,公开,分类属性,通用质量特性要求元数据
分类模式名称,,,,字符串型,名称,0..20,自由文本,无,从中抽取分类项的特定分类模式的名称,GB_T18391.2-2003 信息技术数据元的规范与标准化第6部分:数据元的分类,公开,分类属性,通用质量特性要求元数据
分类模式版本,,,,字符串型,文本,0..255,自由文本,无,从中抽取分类项的特定分类模式的版本,GB_T18391.2-2003 信息技术数据元的规范与标准化第7部分:数据元的分类,公开,分类属性,通用质量特性要求元数据
分类模式项类型,,,,字符串型,文本,0..255,自由文本,无,3.5.8中“分类模式项值”的类型,GB_T18391.2-2003 信息技术数据元的规范与标准化第8部分:数据元的分类,公开,分类属性,通用质量特性要求元数据
分类模式项值,,,,字符串型,文本,0..255,自由文本,无,一个分类模式项的名称、标识符或定义等的一个实例,GB_T18391.2-2003 信息技术数据元的规范与标准化第9部分:数据元的分类,公开,分类属性,通用质量特性要求元数据
人员姓名,,,,字符串型,名称,1..30,自由文本,无,人员在户籍管理部门正式登记或在人事档案中记载的姓氏名称（现用名）,GB_T39316.5-2020 军民通用资源元数据第5部分：人员类,公开,人员类,人力资源元数据
军用通用资源分类代码,,,,字符串型,代码,10,{TAB1|R01001},无,标识军用通用资源分类类型的代码,GB_T39316.5-2020 军民通用资源元数据第5部分：人员类,公开,人员类,人力资源元数据
军用通用资源分类名称,,,,字符串型,名称,0..60,{TAB1|R01001},无,军用通用资源的分类名称,GB_T39316.5-2020 军民通用资源元数据第5部分：人员类,公开,人员类,人力资源元数据
性别名称,,,,字符串型,名称,1..12,{TAB1|R01003},无,人的基本生理特征,GB_T39316.5-2020 军民通用资源元数据第5部分：人员类,公开,人员类,人力资源元数据
性别代码,,,,字符串型,代码,1,{TAB1|R01003},无,标识人员性别的代码,GB_T39316.5-2020 军民通用资源元数据第5部分：人员类,公开,人员类,人力资源元数据
常住地代码,,,,字符串型,代码,6,{TAB1|R01006},无,常住地对应的代码,GB_T39316.5-2020 军民通用资源元数据第5部分：人员类,公开,人员类,人力资源元数据
出生日期,,,,日期时间型,日期,8,YYYY-MM-DD,无,人员的出生证明或人事档案中记载的出生年月日,GB_T39316.5-2020 军民通用资源元数据第5部分：人员类,公开,人员类,人力资源元数据
政治面貌名称,,,,字符串型,名称,1..50,{TAB1|R01007},无,参加政党或政治团体的名称,GB_T39316.5-2020 军民通用资源元数据第5部分：人员类,公开,人员类,人力资源元数据
政治面貌代码,,,,字符串型,代码,2,{TAB1|R01007},无,政治面貌对应的代码,GB_T39316.5-2020 军民通用资源元数据第5部分：人员类,公开,人员类,人力资源元数据
健康状况,,,,字符串型,文本,0..200,自由文本,无,身体基本状况及能适应工作的程度,GB_T39316.5-2020 军民通用资源元数据第5部分：人员类,公开,人员类,人力资源元数据
人员身高,,,,数值型,线度,12.3,"(0,999999999.999)",无,人员的身高,GB_T39316.5-2020 军民通用资源元数据第5部分：人员类,公开,人员类,人力资源元数据
人员体重,,,,数值型,重量,3,"(0,999)",无,人的体重,GB_T39316.5-2020 军民通用资源元数据第5部分：人员类,公开,人员类,人力资源元数据
人员血型,,,,字符串型,文本,1..20,{TAB1|R01008},无,人员血液成分（包括红细胞、白细胞、血小板）表面的抗原类型,GB_T39316.5-2020 军民通用资源元数据第5部分：人员类,公开,人员类,人力资源元数据
参加工作的日期,,,,日期时间型,日期,8,YYYY-MM-DD,无,参加工作的年月,GB_T39316.5-2020 军民通用资源元数据第5部分：人员类,公开,人员类,人力资源元数据
最高学历名称,,,,字符串型,名称,0..60,(TAB1|R00009},无,由国家认可在国内外各类教育机构接受正式教育并取得最高学历证书中的学历名称,GB_T39316.5-2020 军民通用资源元数据第5部分：人员类,公开,人员类,人力资源元数据
最高学历代码,,,,字符串型,代码,6,(TAB1|R00009},无,最高学历对应的代码,GB_T39316.5-2020 军民通用资源元数据第5部分：人员类,公开,人员类,人力资源元数据
最高学历专业名称,,,,字符串型,名称,0..30,(TAB1|R00010},无,取得最高学历所学专业的名称,GB_T39316.5-2020 军民通用资源元数据第5部分：人员类,公开,人员类,人力资源元数据
最高学历专业代码,,,,字符串型,代码,2,(TAB1|R00010},无,最高学历专业对应的代码,GB_T39316.5-2020 军民通用资源元数据第5部分：人员类,公开,人员类,人力资源元数据
现从事职业,,,,字符串型,文本,0..200,自由文本,无,目前所从事工作的种类,GB_T39316.5-2020 军民通用资源元数据第5部分：人员类,公开,人员类,人力资源元数据
专业资格证书名称,,,,字符串型,名称,0..500,自由文本,无,人员获得的专业资格证书名称,GB_T39316.5-2020 军民通用资源元数据第5部分：人员类,公开,人员类,人力资源元数据
专业资格证书编号,,,,字符串型,代码,0..500,自由文本,无,专业资格证书对应的编码,GB_T39316.5-2020 军民通用资源元数据第5部分：人员类,公开,人员类,人力资源元数据
专业技术职务名称,,,,字符串型,名称,0..50,(TAB1|R00011},无,所从事的专业技术职业名称,GB_T39316.5-2020 军民通用资源元数据第5部分：人员类,公开,人员类,人力资源元数据
专业技术职务代码,,,,字符串型,代码,3,(TAB1|R00011},无,所从事的专业技术职业名称代码,GB_T39316.5-2020 军民通用资源元数据第5部分：人员类,公开,人员类,人力资源元数据
专业技术职务等级名称,,,,字符串型,名称,0..50,(TAB1|R00012},无,人员现任专业技术职务等级名称,GB_T39316.5-2020 军民通用资源元数据第5部分：人员类,公开,人员类,人力资源元数据
专业技术职务等级代码,,,,字符串型,代码,3,(TAB1|R00012},无,人员现任专业技术职务等级对应的代码,GB_T39316.5-2020 军民通用资源元数据第5部分：人员类,公开,人员类,人力资源元数据
任现技术职务日期,,,,日期时间型,日期,8,YYYY-MM-DD,无,人员现任专业技术职务等级的年月,GB_T39316.5-2020 军民通用资源元数据第5部分：人员类,公开,人员类,人力资源元数据
任职机构名称,,,,字符串型,名称,0..100,自由文本,无,任职单位的名称,GB_T39316.5-2020 军民通用资源元数据第5部分：人员类,公开,人员类,人力资源元数据
任职机构统一社会信用代码,,,,字符串型,代码,18,自由文本,无,由统一社会信用代码管理机构按照GB32100为人员任职机构赋予的统一社会信用代码,GB_T39316.5-2020 军民通用资源元数据第5部分：人员类,公开,人员类,人力资源元数据
任职机构所在行政区划名称,,,,字符串型,名称,1..50,(TAB1|R00006},无,任职机构所在的县级及县级以上行政区划名称,GB_T39316.5-2020 军民通用资源元数据第5部分：人员类,公开,人员类,人力资源元数据
任职机构所在行政区划代码,,,,字符串型,代码,6,(TAB1|R00006},无,任职机构所在的县级及县级以上行政区划名称代码,GB_T39316.5-2020 军民通用资源元数据第5部分：人员类,公开,人员类,人力资源元数据
是否为退役军人,,,,布尔型,文本,2,{是；否},无,是否为退役的军人,GB_T39316.5-2020 军民通用资源元数据第5部分：人员类,公开,人员类,人力资源元数据
退役时间,,,,日期时间型,日期,8,YYYY-MM-DD,无,军人退出现役的年月,GB_T39316.5-2020 军民通用资源元数据第5部分：人员类,公开,人员类,人力资源元数据
退役前所在单位名称,,,,字符串型,名称,0..120,自由文本,无,军人退役前所在军队部门或单位的名称,GB_T39316.5-2020 军民通用资源元数据第5部分：人员类,公开,人员类,人力资源元数据
是否预备役人员,,,,布尔型,文本,2,{是；否},无,是否为预备役人员,GB_T39316.5-2020 军民通用资源元数据第5部分：人员类,公开,人员类,人力资源元数据
操控设备种类名称,,,,字符串型,名称,0..120,自由文本,无,人员操作控制的运输设备和通用工程机械设备种类的名称,GB_T39316.5-2020 军民通用资源元数据第5部分：人员类,公开,人员类,人力资源元数据
特殊环境下工作经历,,,,字符串型,文本,0..500,自由文本,无,人员在高原、海岛、沙漠等特殊环境下工作和作业经历,GB_T39316.5-2020 军民通用资源元数据第5部分：人员类,公开,人员类,人力资源元数据
设备维修或设备抢修、抢建对象,,,,字符串型,文本,0..120,自由文本,无,人员维修过的设备或抢修、抢建过的设施类型或名称,GB_T39316.5-2020 军民通用资源元数据第5部分：人员类,公开,人员类,人力资源元数据
设备维修或设备抢修、抢建特长,,,,字符串型,文本,0..200,自由文本,无,人员维修过的设备或抢修、抢建方面所具有的相关特长,GB_T39316.5-2020 军民通用资源元数据第5部分：人员类,公开,人员类,人力资源元数据
设备维修或设备抢修、抢建经历,,,,字符串型,文本,0..500,自由文本,无,人员维修过的设备或抢修、抢建方面的相关经历,GB_T39316.5-2020 军民通用资源元数据第5部分：人员类,公开,人员类,人力资源元数据
是否有临床工作经验,,,,布尔型,文本,2,{是；否},无,是否有医学临床工作经验,GB_T39316.5-2020 军民通用资源元数据第5部分：人员类,公开,人员类,人力资源元数据
卫生专业技术人员所在医院等级名称,,,,字符串型,名称,0..20,(TAB1|R00013},无,卫生专业技术人员所在医院的等级名称,GB_T39316.5-2020 军民通用资源元数据第5部分：人员类,公开,人员类,人力资源元数据
卫生专业技术人员所在医院等级代码,,,,字符串型,代码,2,(TAB1|R00013},无,卫生专业技术人员所在医院的等级代码,GB_T39316.5-2020 军民通用资源元数据第5部分：人员类,公开,人员类,人力资源元数据
卫生专业技术人员继续教育情况,,,,字符串型,文本,0..120,自由文本,无,卫生专业技术人员继续教育情况的说明,GB_T39316.5-2020 军民通用资源元数据第5部分：人员类,公开,人员类,人力资源元数据
是否有灾害医疗救援经历,,,,布尔型,文本,2,{是；否},无,人员是否有灾害医疗救援的经历,GB_T39316.5-2020 军民通用资源元数据第5部分：人员类,公开,人员类,人力资源元数据
其他领域人员现从事岗位名称,,,,字符串型,名称,0..120,自由文本,无,除运输设备和通用工程机械操作人员、设备维修及设备抢修抢建人员、卫生专业技术人员以外，其他专业技能领域人员现在从事的岗位名称,GB_T39316.5-2020 军民通用资源元数据第5部分：人员类,公开,人员类,人力资源元数据
其他领域人员专业技术能力,,,,字符串型,文本,0..200,自由文本,无,除运输设备和通用工程机械操作人员、设备维修及设备抢修抢建人员、卫生专业技术人员以外，其他专业技能领域人员所具有的技术特长,GB_T39316.5-2020 军民通用资源元数据第5部分：人员类,公开,人员类,人力资源元数据
其他领域人员专业技术经历,,,,字符串型,文本,0..500,自由文本,无,除运输设备和通用工程机械操作人员、设备维修及设备抢修抢建人员、卫生专业技术人员以外，其他专业技能领域人员专业技术经历,GB_T39316.5-2020 军民通用资源元数据第5部分：人员类,公开,人员类,人力资源元数据
设施中文名称,,,,字符串型,名称,0..100,自由文本,无,设施的中文全称,GB_T39316.6-2020 军民通用资源元数据第6部分：设施类,公开,设施类,资产管理元数据
军民通用资源分类代码,,,,字符串型,代码,10,{TAB1|E01001},无,军民通用资源分类类型的代码,GB_T39316.6-2020 军民通用资源元数据第6部分：设施类,公开,设施类,资产管理元数据
军民通用资源分类名称,,,,字符串型,名称,0..60,{TAB1|E01001},无,军民通用资源的分类名称,GB_T39316.6-2020 军民通用资源元数据第6部分：设施类,公开,设施类,资产管理元数据
军民通用资源基准名称,,,,字符串型,名称,0..100,{TAB1|E01002},无,军民通用资源的基准名称,GB_T39316.6-2020 军民通用资源元数据第6部分：设施类,公开,设施类,资产管理元数据
军民通用资源进准代码,,,,字符串型,代码,8,{TAB1|E01002},无,标识该设施基准名称的代码,GB_T39316.6-2020 军民通用资源元数据第6部分：设施类,公开,设施类,资产管理元数据
设施基本介绍,,,,字符串型,文本,0..500,自由文本,无,设施的基本情况介绍,GB_T39316.6-2020 军民通用资源元数据第6部分：设施类,公开,设施类,资产管理元数据
设施建设状态,,,,字符串型,文本,0..50,自由文本,无,设施的建设状态，包括：在建，已完成,GB_T39316.6-2020 军民通用资源元数据第6部分：设施类,公开,设施类,资产管理元数据
设施建成日期,,,,日期时间型,日期,8,YYYY-MM-DD,无,设施建设完工的年月,GB_T39316.6-2020 军民通用资源元数据第6部分：设施类,公开,设施类,资产管理元数据
设施使用状态,,,,字符串型,文本,0..100,自由文本,无,设施的使用状态，包括：闲置、在用、堪用、完好、报废等,GB_T39316.6-2020 军民通用资源元数据第6部分：设施类,公开,设施类,资产管理元数据
设施几何中心经纬度坐标,,,,数值型,坐标,12.3,(0，9999999999.999),无,设施几何中心点的经度和纬度坐标，维度在前，经度在后,GB_T39316.6-2020 军民通用资源元数据第6部分：设施类,公开,设施类,资产管理元数据
设施所在地名称,,,,字符串型,名称,0..50,自由文本,无,设施所在地的行政区划名称，至少到县一级,GB_T39316.6-2020 军民通用资源元数据第6部分：设施类,公开,设施类,资产管理元数据
设施所有者名称,,,,字符串型,名称,0..100,自由文本,无,设施所有权拥有人祸机构的名称,GB_T39316.6-2020 军民通用资源元数据第6部分：设施类,公开,设施类,资产管理元数据
设施使用者名称,,,,字符串型,名称,0..100,自由文本,无,设施使用权拥有人或机构的名称,GB_T39316.6-2020 军民通用资源元数据第6部分：设施类,公开,设施类,资产管理元数据
设施管理者名称,,,,字符串型,名称,0..50,自由文本,无,管理设施的人祸机构的名称,GB_T39316.6-2020 军民通用资源元数据第6部分：设施类,公开,设施类,资产管理元数据
设施所有者、设施使用着、设施管理着的联系方式,,,,字符串型,代码,0..50,自由文本,无,设施所有者、设施使用着、设施管理着的联系方式,GB_T39316.6-2020 军民通用资源元数据第6部分：设施类,公开,设施类,资产管理元数据
其他需要说明事项,,,,字符串型,文本,0..500,自由文本,无,其他需要说明的事项,GB_T39316.6-2020 军民通用资源元数据第6部分：设施类,公开,设施类,资产管理元数据
土地使用面积,,,,数值型,面积,12.3,"(0,999999999.999)",平方米,土地可供使用的面积,GB_T39316.6-2020 军民通用资源元数据第6部分：设施类,公开,设施类,资产管理元数据
平均海拔高度,,,,数值型,线度,12.3,"(0,999999999.999)",米,土地所在地的平均海拔高度,GB_T39316.6-2020 军民通用资源元数据第6部分：设施类,公开,设施类,资产管理元数据
土地所属气候带和所属气候大区名称,,,,字符串型,名称,0..50,{TAB1|E01003},无,土地所在地的气候带和气候大区名称,GB_T39316.6-2020 军民通用资源元数据第6部分：设施类,公开,设施类,资产管理元数据
土地所属气候带和所属气候大区代码,,,,字符串型,代码,2,{TAB1|E01003},无,土地所在地的气候带和气候大区名称代码,GB_T39316.6-2020 军民通用资源元数据第6部分：设施类,公开,设施类,资产管理元数据
土壤类别名称,,,,字符串型,名称,0..50,{TAB1|E01004},无,根据地域环境和土壤性质对土壤进行分类的名称,GB_T39316.6-2020 军民通用资源元数据第6部分：设施类,公开,设施类,资产管理元数据
土壤类别代码,,,,字符串型,代码,2,{TAB1|E01004},无,土壤类别对应的代码,GB_T39316.6-2020 军民通用资源元数据第6部分：设施类,公开,设施类,资产管理元数据
地形类型名称,,,,字符串型,名称,0..50,{TAB1|E01005},无,土地鞭面呈现的形态的名称,GB_T39316.6-2020 军民通用资源元数据第6部分：设施类,公开,设施类,资产管理元数据
土地类型代码,,,,字符串型,代码,2,{TAB1|E01005},无,地形类型对应的代码,GB_T39316.6-2020 军民通用资源元数据第6部分：设施类,公开,设施类,资产管理元数据
水域所属气候带和所属气候大区名称,,,,字符串型,名称,0..50,{TAB1|E01003},无,水域所在地的气候带和气候大区的名称,GB_T39316.6-2020 军民通用资源元数据第6部分：设施类,公开,设施类,资产管理元数据
水域所属气候带和所属气候大区代码,,,,字符串型,代码,2,{TAB1|E01003},无,水域所在地的气候带和气候大区的代码,GB_T39316.6-2020 军民通用资源元数据第6部分：设施类,公开,设施类,资产管理元数据
水域面积,,,,数值型,面积,12.3,"(0,999999999.999)",平方米,水域所占面积大小,GB_T39316.6-2020 军民通用资源元数据第6部分：设施类,公开,设施类,资产管理元数据
水域平均水位,,,,数值型,线度,12.3,"(0,999999999.999)",米,水域的平均水位,GB_T39316.6-2020 军民通用资源元数据第6部分：设施类,公开,设施类,资产管理元数据
水域水量,,,,数值型,线度,12.3,"(0,999999999.999)",立方米,指水域的范围内存水的总量,GB_T39316.6-2020 军民通用资源元数据第6部分：设施类,公开,设施类,资产管理元数据
水域最大流量,,,,数值型,比率,10,"(0,9999999999)",立方米每秒,有记录以来，通过水域某一过水断面的虽大水量,GB_T39316.6-2020 军民通用资源元数据第6部分：设施类,公开,设施类,资产管理元数据
水域汛期时段,,,,字符串型,文本,0..50,自由文本,无,由于流域内季节性降水、融冰、化学，引起定时性水位上涨的时段,GB_T39316.6-2020 军民通用资源元数据第6部分：设施类,公开,设施类,资产管理元数据
水域地表水冻结平均厚度,,,,数值型,线度,12.3,"(0,999999999.999)",无,有水文记录以来，地表水冻结的平均厚度,GB_T39316.6-2020 军民通用资源元数据第6部分：设施类,公开,设施类,资产管理元数据
水域地表水冻结平均时段,,,,数值型,线度,12.3,"(0,999999999.999)",无,有水文记录以来，地表水冻结的平均时段,GB_T39316.6-2020 军民通用资源元数据第6部分：设施类,公开,设施类,资产管理元数据
水域功能分类,,,,字符串型,文本,0..50,{TAB1|E01006},无,依据地表水水域环境功能和保护目标，按功能高低依次划分的标准名称,GB_T39316.6-2020 军民通用资源元数据第6部分：设施类,公开,设施类,资产管理元数据
水域功能分类代码,,,,字符串型,代码,2,{TAB1|E01006},无,水域功能分类对应的代码,GB_T39316.6-2020 军民通用资源元数据第6部分：设施类,公开,设施类,资产管理元数据
湖泊化学性质分类,,,,字符串型,文本,0..50,{TAB1|E01007},无,表示湖泊谁化学性质分类等状况的名称,GB_T39316.6-2020 军民通用资源元数据第6部分：设施类,公开,设施类,资产管理元数据
湖泊化学性质分类代码,,,,字符串型,代码,2,{TAB1|E01007},无,湖泊水化学性质分类对应的代码,GB_T39316.6-2020 军民通用资源元数据第6部分：设施类,公开,设施类,资产管理元数据
海洋地貌分类名称,,,,字符串型,名称,0..50,自由文本,无,GB/T18190规定的海洋地貌名称,GB_T39316.6-2020 军民通用资源元数据第6部分：设施类,公开,设施类,资产管理元数据
海域水深,,,,数值型,线度,12.3,"(0,999999999.999)",米,海域所在地的平均水深,GB_T39316.6-2020 军民通用资源元数据第6部分：设施类,公开,设施类,资产管理元数据
海水PH值,,,,数值型,比率,4.2,"(0,99.99)",无,海域所在地海水的平均PH值,GB_T39316.6-2020 军民通用资源元数据第6部分：设施类,公开,设施类,资产管理元数据
海水年平均水温,,,,数值型,温度,7.2,"(0,99999.99)",摄氏度,有记录以来，海域所在地海水的年平均水温,GB_T39316.6-2020 军民通用资源元数据第6部分：设施类,公开,设施类,资产管理元数据
海域最大风速,,,,数值型,比率,6.2,"(0,9999.99)",米每秒,有记录以来，海域所在地的最大风速,GB_T39316.6-2020 军民通用资源元数据第6部分：设施类,公开,设施类,资产管理元数据
海域最大浪高,,,,数值型,线度,12.3,"(0,999999999.999)",米,有记录以来，海域所在地的最大浪高,GB_T39316.6-2020 军民通用资源元数据第6部分：设施类,公开,设施类,资产管理元数据
海域水质分类名称,,,,字符串型,名称,0..50,{TAB1|E01008},无,按照海域的不同使用功能和保护目标，划分的海水水质名称,GB_T39316.6-2020 军民通用资源元数据第6部分：设施类,公开,设施类,资产管理元数据
海域水质分类代码,,,,字符串型,代码,2,{TAB1|E01008},无,海域水质分类对应的代码,GB_T39316.6-2020 军民通用资源元数据第6部分：设施类,公开,设施类,资产管理元数据
海域离岸距离,,,,数值型,线度,12.3,"(0,999999999.999)",千米,海域集合中心点距离海岸的最小距离,GB_T39316.6-2020 军民通用资源元数据第6部分：设施类,公开,设施类,资产管理元数据
建筑物占地面积,,,,数值型,面积,12.3,"(0,999999999.999)",平方米,建筑物所占面积大小,GB_T39316.6-2020 军民通用资源元数据第6部分：设施类,公开,设施类,资产管理元数据
建筑面积,,,,数值型,面积,12.3,"(0,999999999.999)",平方米,建筑物各层水平面积的总和,GB_T39316.6-2020 军民通用资源元数据第6部分：设施类,公开,设施类,资产管理元数据
建筑高度,,,,数值型,线度,12.3,"(0,999999999.999)",米,按照GB500162014的附录A中方法得到的建筑区的竖直高度值、,GB_T39316.6-2020 军民通用资源元数据第6部分：设施类,公开,设施类,资产管理元数据
建筑层数,,,,数值型,数量,3,"(0,999)",层,按照GB500162014的附录A中方法得到的建筑物的层数,GB_T39316.6-2020 军民通用资源元数据第6部分：设施类,公开,设施类,资产管理元数据
建筑结构类型名称,,,,字符串型,名称,0..50,{TAB1|E01009},无,根据建筑的承重结构和维护结构划分的建筑结构类型名称,GB_T39316.6-2020 军民通用资源元数据第6部分：设施类,公开,设施类,资产管理元数据
建筑结构类型代码,,,,字符串型,代码,2,{TAB1|E01009},无,建筑结构类型对应的代码,GB_T39316.6-2020 军民通用资源元数据第6部分：设施类,公开,设施类,资产管理元数据
建筑物抗震设防类别名称,,,,字符串型,名称,0..50,{TAB1|E01010},无,根据建筑遭遇地震破坏后，可能造成人员伤亡、直接和间接经济损失、社会影响的程度及其在抗震救灾中的作用等因素，虽各类建筑所做的设防类别划分的名称,GB_T39316.6-2020 军民通用资源元数据第6部分：设施类,公开,设施类,资产管理元数据
建筑物抗震设防类别代码,,,,字符串型,代码,2,{TAB1|E01010},无,建筑物抗震设防类别对应的代码,GB_T39316.6-2020 军民通用资源元数据第6部分：设施类,公开,设施类,资产管理元数据
建筑物耐火等级名称,,,,字符串型,名称,0..50,{TAB1|E01011},无,衡量建筑物耐火程度的分级标度的名称,GB_T39316.6-2020 军民通用资源元数据第6部分：设施类,公开,设施类,资产管理元数据
建筑物耐火等级代码,,,,字符串型,代码,2,{TAB1|E01011},无,建筑物耐火等级对应的代码,GB_T39316.6-2020 军民通用资源元数据第6部分：设施类,公开,设施类,资产管理元数据
建筑出人口最大高度,,,,数值型,线度,12.3,"(0,999999999.999)",米,建筑物出入口的最大高度,GB_T39316.6-2020 军民通用资源元数据第6部分：设施类,公开,设施类,资产管理元数据
建筑出人口最大宽度,,,,数值型,线度,12.3,"(0,999999999.999)",米,建筑物出入口的最大宽度,GB_T39316.6-2020 军民通用资源元数据第6部分：设施类,公开,设施类,资产管理元数据
建筑物内水电气等设施情况,,,,字符串型,文本,0..500,自由文本,无,对建筑物内水电气等设施的说明,GB_T39316.6-2020 军民通用资源元数据第6部分：设施类,公开,设施类,资产管理元数据
加油站等级名称,,,,字符串型,名称,0..50,{TAB1|E01012},无,根据油罐容积和单罐容积来划分的加油站等级名称,GB_T39316.6-2020 军民通用资源元数据第6部分：设施类,公开,设施类,资产管理元数据
加油站等级代码,,,,字符串型,代码,2,{TAB1|E01012},无,加油站等级对应的代码,GB_T39316.6-2020 军民通用资源元数据第6部分：设施类,公开,设施类,资产管理元数据
加油站油品类型名称,,,,字符串型,名称,0..500,自由文本,无,加油站可供应的油品类型名称,GB_T39316.6-2020 军民通用资源元数据第6部分：设施类,公开,设施类,资产管理元数据
加油站周边交通设施状况,,,,字符串型,文本,0..500,自由文本,无,加油站周边的交通设施状况的说明,GB_T39316.6-2020 军民通用资源元数据第6部分：设施类,公开,设施类,资产管理元数据
服务区占地面积,,,,数值型,面积,12.3,"(0,999999999.999)",平方米,服务区所占面积大小,GB_T39316.6-2020 军民通用资源元数据第6部分：设施类,公开,设施类,资产管理元数据
服务区道路广场、停车场用地面积,,,,数值型,面积,12.3,"(0,999999999.999)",平方米,服务区道路广场、停车场的所用地面积大小],GB_T39316.6-2020 军民通用资源元数据第6部分：设施类,公开,设施类,资产管理元数据
服务区餐馆建筑规模等级名称,,,,字符串型,名称,0..50,{TAB1|E01013},无,服务区内餐馆建筑规模的等级名称,GB_T39316.6-2020 军民通用资源元数据第6部分：设施类,公开,设施类,资产管理元数据
服务区餐馆建筑规模等级代码,,,,字符串型,代码,2,{TAB1|E01013},无,服务区内餐馆建筑规模的等级对应的代码,GB_T39316.6-2020 军民通用资源元数据第6部分：设施类,公开,设施类,资产管理元数据
服务区是否配备充电站,,,,布尔型,文本,2,{是；否},无,服务区是否配备了充电站,GB_T39316.6-2020 军民通用资源元数据第6部分：设施类,公开,设施类,资产管理元数据
服务区是否配备汽修站,,,,布尔型,文本,2,{是；否},无,服务区是否配备了汽修站,GB_T39316.6-2020 军民通用资源元数据第6部分：设施类,公开,设施类,资产管理元数据
服务区服务区附属服务功能情况,,,,字符串型,文本,0..500,自由文本,无,服务区其他附属服务功能情况的说明,GB_T39316.6-2020 军民通用资源元数据第6部分：设施类,公开,设施类,资产管理元数据
仓库类型名称,,,,字符串型,名称,0..50,{TAB1|E01014},无,根据仓库性质划分的仓库类型名称,GB_T39316.6-2020 军民通用资源元数据第6部分：设施类,公开,设施类,资产管理元数据
仓库类型代码,,,,字符串型,代码,2,{TAB1|E01014},无,仓库类型对应的代码,GB_T39316.6-2020 军民通用资源元数据第6部分：设施类,公开,设施类,资产管理元数据
通用仓库等级名称,,,,字符串型,名称,0..50,{TAB1|E01015},无,根据通用仓库的设施条件、服务功能、服务质量、管理制度而评定划分的等级名称,GB_T39316.6-2020 军民通用资源元数据第6部分：设施类,公开,设施类,资产管理元数据
通用仓库等级代码,,,,字符串型,代码,2,{TAB1|E01015},无,通用仓库等级对应的代码,GB_T39316.6-2020 军民通用资源元数据第6部分：设施类,公开,设施类,资产管理元数据
油库等级名称,,,,字符串型,名称,0..50,{TAB1|E01016},无,根据油罐容积和单罐容积来划分的加油站等级名称,GB_T39316.6-2020 军民通用资源元数据第6部分：设施类,公开,设施类,资产管理元数据
油库等级代码,,,,字符串型,代码,2,{TAB1|E01016},无,油库等级对应的代码,GB_T39316.6-2020 军民通用资源元数据第6部分：设施类,公开,设施类,资产管理元数据
仓库占地面积,,,,数值型,面积,12.3,"(0,999999999.999)",无,仓库所占面积的大小,GB_T39316.6-2020 军民通用资源元数据第6部分：设施类,公开,设施类,资产管理元数据
仓储能力描述,,,,字符串型,文本,0..500,自由文本,无,仓库储存能力的描述],GB_T39316.6-2020 军民通用资源元数据第6部分：设施类,公开,设施类,资产管理元数据
仓库收发作业能力描述,,,,字符串型,文本,0..500,自由文本,无,仓库收发作业能力的描述,GB_T39316.6-2020 军民通用资源元数据第6部分：设施类,公开,设施类,资产管理元数据
物联网数据标识符,,,,字符串型,标识符,0..20,有采用的物联网标识标准确定,无,物联网数据的唯一标识,GB_T36478.3-2019 物联网信息交换和共享第3部分：元数据,公开,核心元数据,资产管理元数据
物联网数据名称,,,,字符串型,名称,0..20,不限长文本,无,物联网数据的名称,GB_T36478.3-2019 物联网信息交换和共享第3部分：元数据,公开,核心元数据,资产管理元数据
物联网数据采集时间,,,,日期时间型,日期,8,YYYY-MM-DD,无,感知设备所采集的物联网数据时间,GB_T36478.3-2019 物联网信息交换和共享第3部分：元数据,公开,核心元数据,资产管理元数据
物联网数据关键字,,,,字符串型,文本,0..20,不限长文本,无,描述物联网数据主题的词语,GB_T36478.3-2019 物联网信息交换和共享第3部分：元数据,公开,核心元数据,资产管理元数据
物联网数据传送方式,,,,字符串型,文本,0..20,不限长文本,无,获取物联网数据的传送方式,GB_T36478.3-2019 物联网信息交换和共享第3部分：元数据,公开,核心元数据,资产管理元数据
感知对象_,,,,字符串型,文本,0..20,不限长文本,无,物联网数据采集的对象,GB_T36478.3-2019 物联网信息交换和共享第3部分：元数据,公开,核心元数据，感知对象,资产管理元数据
感知对象的标识符,,,,字符串型,标识符,0..20,不限长文本,无,感知对象的唯一标识,GB_T36478.3-2019 物联网信息交换和共享第3部分：元数据,公开,核心元数据，感知对象,资产管理元数据
感知对象的名称,,,,字符串型,名称,0..20,不限长文本,无,感知对象的名称,GB_T36478.3-2019 物联网信息交换和共享第3部分：元数据,公开,核心元数据，感知对象,资产管理元数据
感知对象的位置,,,,字符串型,文本,0..24,不限长文本,无,感知对象的位置信息,GB_T36478.3-2019 物联网信息交换和共享第3部分：元数据,公开,核心元数据，感知对象,资产管理元数据
物联网数据提供者_,,,,字符串型,文本,0..20,不限长文本,无,物联网数据的提供方,GB_T36478.3-2019 物联网信息交换和共享第3部分：元数据,公开,核心元数据，物联网数据提供者,资产管理元数据
物联网数据提供者名称,,,,字符串型,名称,0..20,不限长文本,无,物联网数据提供方的名称,GB_T36478.3-2019 物联网信息交换和共享第3部分：元数据,公开,核心元数据，物联网数据提供者,资产管理元数据
物联网数据提供者通信地址,,,,字符串型,名称,0..20,不限长文本,无,物联网数据提供方的通信地址,GB_T36478.3-2019 物联网信息交换和共享第3部分：元数据,公开,核心元数据，物联网数据提供者,资产管理元数据
物联网数据提供者联系电话,,,,字符串型,代码,0..20,不限长文本,无,物联网数据提供方的联系电话,GB_T36478.3-2019 物联网信息交换和共享第3部分：元数据,公开,核心元数据，物联网数据提供者,资产管理元数据
物联网数据提供者电子邮件,,,,字符串型,代码,0..20,不限长文本,无,物联网数据提供方的邮件地址,GB_T36478.3-2019 物联网信息交换和共享第3部分：元数据,公开,核心元数据，物联网数据提供者,资产管理元数据
物联网数据摘要,,,,字符串型,文本,0..255,不限长文本,无,对物联网数据内容进行概要说明的文字,GB_T36478.3-2019 物联网信息交换和共享第3部分：元数据,公开,扩展元数据,资产管理元数据
物联网数据标准,,,,字符串型,文本,0..255,由标准编号和标准名称组合而成的不限长文本,无,对所采集的数据按照国际标准、国家标准、行业标准等要求进行处理，所采用的国际标准、国家标准或行业标准。,GB_T36478.3-2019 物联网信息交换和共享第3部分：元数据,公开,扩展元数据,资产管理元数据
感知设备_,,,,字符串型,文本,0..20,不限长文本,无,采集物联网数据的设备,GB_T36478.3-2019 物联网信息交换和共享第3部分：元数据,公开,扩展元数据，感知设备,资产管理元数据
感知设备的设备名称,,,,字符串型,名称,0..20,不限长文本,无,感知设备的名称,GB_T36478.3-2019 物联网信息交换和共享第3部分：元数据,公开,扩展元数据，感知设备,资产管理元数据
感知设备的标识符,,,,字符串型,标识符,0..20,不限长文本,无,感知设备的唯一标识,GB_T36478.3-2019 物联网信息交换和共享第3部分：元数据,公开,扩展元数据，感知设备,资产管理元数据
感知设备的设备参数n,,,,字符串型,文本,0..20,由具体性能参数明确,无,感知设备的性能参数n,GB_T36478.3-2019 物联网信息交换和共享第3部分：元数据,公开,扩展元数据，感知设备,资产管理元数据
科技人才ID,,,,字符串型,标识符,0..20,自由文本,无,赋予科技人才的唯一标识符识符,GB_T35397-2017 科技人才元数据元素集,公开,科技人才基本信息,人力资源元数据
科技人才的姓名,,,,字符串型,名称,0..20,自由文本,无,科技人才的姓名全称,GB_T35397-2017 科技人才元数据元素集,公开,科技人才基本信息,人力资源元数据
科技人才的性别,,,,字符串型,文本,0..20,自由文本,无,科技人才的性别属性,GB_T35397-2017 科技人才元数据元素集,公开,科技人才基本信息,人力资源元数据
科技人才出生年月,,,,日期时间型,日期,8,YYYY-MM-DD,无,科技人才出生日期,GB_T35397-2017 科技人才元数据元素集,公开,科技人才基本信息,人力资源元数据
科技人才的国籍,,,,字符串型,名称,0..20,自由文本,无,科技人才的国籍,GB_T35397-2017 科技人才元数据元素集,公开,科技人才基本信息,人力资源元数据
研究方向,,,,字符串型,文本,0..20,自由文本,无,研究方向,GB_T35397-2017 科技人才元数据元素集,公开,科技人才基本信息,人力资源元数据
最高学位,,,,字符串型,文本,0..20,自由文本,无,获得的最高学位,GB_T35397-2017 科技人才元数据元素集,公开,科技人才基本信息,人力资源元数据
最高学历,,,,字符串型,文本,0..20,自由文本,无,获得的最高学历,GB_T35397-2017 科技人才元数据元素集,公开,科技人才基本信息,人力资源元数据
科技人才的专业技术职称,,,,字符串型,名称,0..20,自由文本,无,科技人才目前获得的专业技术职称,GB_T35397-2017 科技人才元数据元素集,公开,科技人才基本信息,人力资源元数据
科技人才的联系方式,,,,字符串型,文本,0..12,自由文本,无,科技人才的联系方式,GB_T35397-2017 科技人才元数据元素集,公开,科技人才基本信息,人力资源元数据
科技人才的数据来源,,,,字符串型,文本,0..20,自由文本,无,科技人才信息的起始来源,GB_T35397-2017 科技人才元数据元素集,公开,科技人才基本信息,人力资源元数据
科技人才的工作履历,,,,字符串型,文本,0..255,自由文本,无,科技人才的工作经历,GB_T35397-2017 科技人才元数据元素集,公开,科技人才基本信息,人力资源元数据
科技人才的社会/学术任职,,,,字符串型,文本,0..20,自由文本,无,科技人才在学术组织、社会团体等任职情况,GB_T35397-2017 科技人才元数据元素集,公开,科技人才基本信息,人力资源元数据
科技人才的教育经历,,,,字符串型,文本,0..20,自由文本,无,指科技人才的教育经历,GB_T35397-2017 科技人才元数据元素集,公开,科技人才基本信息,人力资源元数据
科技人才的培训交流经历,,,,字符串型,文本,0..20,自由文本,无,描述科技人才未获得学历学位的教育经历，包括但不限于以下内容：就读院校、开始时间、结束时间、学习专业或者内容、获得证书或者资质。(含海外),GB_T35397-2017 科技人才元数据元素集,公开,科技人才基本信息,人力资源元数据
科技人才的专长,,,,字符串型,文本,0..20,自由文本,无,描述科技人才工作中的技术等专长，包括但不限于以下内容：专业技术、语言、水平等级,GB_T35397-2017 科技人才元数据元素集,公开,科技人才基本信息,人力资源元数据
科技人才的奖励信息,,,,字符串型,文本,0..20,自由文本,无,科技人才获得的奖励信息,GB_T35397-2017 科技人才元数据元素集,公开,科技人才基本信息,人力资源元数据
科技人才的荣誉信息,,,,字符串型,文本,0..20,自由文本,无,指科技人才获得的荣誉信息,GB_T35397-2017 科技人才元数据元素集,公开,科技人才基本信息,人力资源元数据
科技人才的惩罚信息,,,,字符串型,文本,0..20,自由文本,无,科技人才获得的惩罚信息,GB_T35397-2017 科技人才元数据元素集,公开,科技人才基本信息,人力资源元数据
参与科技人才的课题项目,,,,字符串型,名称,0..20,自由文本,无,科技人才参与或主持的项目信息,GB_T35397-2017 科技人才元数据元素集,公开,科技人才基本信息,人力资源元数据
科技人才的出版专著,,,,字符串型,名称,0..20,自由文本,无,科技人才出版的专著或者编著图书信息,GB_T35397-2017 科技人才元数据元素集,公开,科技人才基本信息,人力资源元数据
科技人才的发表论文,,,,字符串型,名称,0..20,自由文本,无,科技人才在国内刊物发表文献信息,GB_T35397-2017 科技人才元数据元素集,公开,科技人才基本信息,人力资源元数据
科技人才的发明专利,,,,字符串型,名称,0..20,自由文本,无,科技人才发明专利情况,GB_T35397-2017 科技人才元数据元素集,公开,科技人才基本信息,人力资源元数据
科技人才的科技报告,,,,字符串型,名称,0..20,自由文本,无,科技人才参与撰写的科技报告,GB_T35397-2017 科技人才元数据元素集,公开,科技人才基本信息,人力资源元数据
科技人才的科研诚信,,,,字符串型,名称,0..20,自由文本,无,科技人才在科研活动和学术研究中的诚信记录,GB_T35397-2017 科技人才元数据元素集,公开,科技人才基本信息,人力资源元数据
科技人才ID,,,,字符串型,标识符,0..20,自由文本,无,指科技人才的唯一身份标识，是对科技人才重名的解决机制。建议采用符合规范标识体系的字符串进行标识，并使用全局统一的编码规则。科技人才ID为全局变量,GB_T35397-2017 科技人才元数据元素集,公开,科技人才基本信息,人力资源元数据
ORCID标识符,,,,字符串型,标识符,0..20,自由文本,无,ORCID注册系统里的标识符，用于和国际学术数据关联，可以将科技人才ID和ORCID标识符合并其一,GB_T35397-2017 科技人才元数据元素集,公开,科技人才基本信息,人力资源元数据
中文名称,,,,字符串型,名称,0..20,自由文本,无,人才中文姓名，可能重名,GB_T35397-2017 科技人才元数据元素集,公开,科技人才基本信息,人力资源元数据
外文名称,,,,字符串型,名称,0..20,自由文本,无,外文名，可能重名，可以多值，用“;”分隔,GB_T35397-2017 科技人才元数据元素集,公开,科技人才基本信息,人力资源元数据
性别,,,,字符串型,文本,0..20,自由文本,无,"该人基本生理特征，见GB/T2261.1一2003,取值：0一未知；1一男；2一女；9一不确定",GB_T35397-2017 科技人才元数据元素集,公开,科技人才基本信息,人力资源元数据
出生日期,,,,日期时间型,日期,8,YYYY-MM-DD,无,见GB/T7408一2005中5.2.1.1扩展表示法YYYY-MM-DD，例如：1980-01-01。信息不全的日期建议采集到年份，采集不到信息用“9999”表示,GB_T35397-2017 科技人才元数据元素集,公开,科技人才基本信息,人力资源元数据
国籍,,,,字符串型,名称,0..20,自由文本,无,指科技人才持有护照的国家，科技人才为该国的合法公民。可以包括但不限于以下内容：目前国籍、曾经国籍、以及科技人才的双重国籍身份描述。见GB/T2659,GB_T35397-2017 科技人才元数据元素集,公开,科技人才基本信息,人力资源元数据
研究方向,,,,字符串型,文本,0..20,自由文本,无,包括描述科技人才学习或者从事的研究方向，可以多值，用“;”分隔。可以自建受控词表，用于检索、分类统计和同行识别,GB_T35397-2017 科技人才元数据元素集,公开,科技人才基本信息,人力资源元数据
科技人才的最高学位,,,,字符串型,文本,0..20,自由文本,无,科技人才获得的最高学位，见GB/T6864,GB_T35397-2017 科技人才元数据元素集,公开,科技人才基本信息,人力资源元数据
科技人才的最高学历,,,,字符串型,文本,0..20,自由文本,无,科技人才获得的最高学历，见GB/T4658,GB_T35397-2017 科技人才元数据元素集,公开,科技人才基本信息,人力资源元数据
专业技术职称,,,,字符串型,名称,0..20,自由文本,无,专业技术职称，记录最高职称，可以多值，用“;”分隔；见GB/T8561,GB_T35397-2017 科技人才元数据元素集,公开,科技人才基本信息,人力资源元数据
人才简介,,,,字符串型,文本,0..20,自由文本,无,人才简介,GB_T35397-2017 科技人才元数据元素集,公开,科技人才基本信息,人力资源元数据
技术类型,,,,字符串型,文本,0..20,自由文本,无,根据知识、技术或工作性质划分的科技人才类型，如：基础研究型、应用研发型、工程技术型、财务专家、法律专家、战略专家、管理专家等。可以多值，用“;分隔。可以自建受控词表，用于检索、分类统计和同行识别,GB_T35397-2017 科技人才元数据元素集,公开,科技人才基本信息,人力资源元数据
生存状态,,,,字符串型,文本,0..20,自由文本,无,1一在世，0-已故，NULL-未知,GB_T35397-2017 科技人才元数据元素集,公开,科技人才基本信息,人力资源元数据
个人主页,,,,字符串型,文本,0..20,自由文本,无,科技人才的个人网页,GB_T35397-2017 科技人才元数据元素集,公开,科技人才基本信息,人力资源元数据
通讯地址,,,,字符串型,名称,0..20,自由文本,无,通讯地址，可以多值，用“，分隔,GB_T35397-2017 科技人才元数据元素集,公开,科技人才基本信息,人力资源元数据
邮编,,,,字符串型,代码,0..20,自由文本,无,科技人才通讯地址所在地的邮政编码,GB_T35397-2017 科技人才元数据元素集,公开,科技人才基本信息,人力资源元数据
电话,,,,字符串型,代码,12,"(0,999999999999)",无,电话，可以多值，用V’分隔,GB_T35397-2017 科技人才元数据元素集,公开,科技人才基本信息,人力资源元数据
传真,,,,字符串型,代码,12,"(0,999999999999)",无,传真，可以多值，用“;”分隔,GB_T35397-2017 科技人才元数据元素集,公开,科技人才基本信息,人力资源元数据
E-mail,,,,字符串型,代码,0..20,自由文本,无,电子邮箱，可以多值，用V’分隔,GB_T35397-2017 科技人才元数据元素集,公开,科技人才基本信息,人力资源元数据
数据来源,,,,字符串型,文本,0..20,自由文本,无,科技人才数据的来源，如数据库地址或者URL地址，以便数据交换、信息共享和即时更新。自建数据库建议用特殊字符标识，如“自建”,GB_T35397-2017 科技人才元数据元素集,公开,科技人才基本信息,人力资源元数据
工作履历ID,,,,数值型,标识符,0..20,"(0,999999999999)",无,工作履历记录的唯一标识,GB_T35397-2017 科技人才元数据元素集,公开,科技人才工作履历,人力资源元数据
科技人才ID,,,,字符串型,标识符,0..20,自由文本,无,指科技人才的唯一身份标识，是对科技人才重名的解决机制。建议采用符合规范标识体系的字符串进行标识，并使用全局统一的编码规则。可作为外键关联,GB_T35397-2017 科技人才元数据元素集,公开,科技人才工作履历,人力资源元数据
工作单位,,,,字符串型,名称,0..20,自由文本,无,服务工作单位,GB_T35397-2017 科技人才元数据元素集,公开,科技人才工作履历,人力资源元数据
工作内容,,,,字符串型,文本,0..20,自由文本,无,工作内容,GB_T35397-2017 科技人才元数据元素集,公开,科技人才工作履历,人力资源元数据
职务,,,,字符串型,名称,0..20,自由文本,无,职务,GB_T35397-2017 科技人才元数据元素集,公开,科技人才工作履历,人力资源元数据
工作所在国家,,,,字符串型,名称,0..20,自由文本,无,工作单位所在国家，见GB/T2659;当为国外机构时，可标明,GB_T35397-2017 科技人才元数据元素集,公开,科技人才工作履历,人力资源元数据
国内地区,,,,字符串型,名称,0..20,自由文本,无,工作单位所在国内地区，见GB/T2260,GB_T35397-2017 科技人才元数据元素集,公开,科技人才工作履历,人力资源元数据
工作单位类型,,,,字符串型,文本,0..20,自由文本,无,工作单位类型，可以自建受控词表，用于检索和分类统计，如：高等学校、研究机构、企业、其他,GB_T35397-2017 科技人才元数据元素集,公开,科技人才工作履历,人力资源元数据
入职时间,,,,日期时间型,日期,8,YYYY-MM-DD,无,"见GB/T7408一2005中5.2.1.1扩展表示法YYYY-MM-DD,例如：1980-01-01。信息不全的日期建议采集到年份，采集不到信息用“9999”表示",GB_T35397-2017 科技人才元数据元素集,公开,科技人才工作履历,人力资源元数据
离职时间,,,,日期时间型,日期,8,YYYY-MM-DD,无,"见GB/T7408一2005中5.2.1.1扩展表示法YYYY-MM-DD,例如：1980-01-01。信息不全的日期建议采集到年份，采集不到信息用“9999”表示",GB_T35397-2017 科技人才元数据元素集,公开,科技人才工作履历,人力资源元数据
技术领域,,,,字符串型,文本,0..20,自由文本,无,从事工作和研究的技术领域，可以多值，用“;”分隔。可以自建受控词表，用于检索和分类统计,GB_T35397-2017 科技人才元数据元素集,公开,科技人才工作履历,人力资源元数据
社会/学术任职信息记录的ID,,,,数值型,标识符,0..20,"(0,999999999999)",无,社会/学术任职信息记录的唯一标识,GB_T35397-2017 科技人才元数据元素集,公开,科技人才任职,人力资源元数据
科技人才ID,,,,字符串型,标识符,0..20,自由文本,无,指科技人才的唯一身份标识，是对科技人才重名的解决机制。建议采用符合规范标识体系的字符串进行标识，并使用全局统一的编码规则,GB_T35397-2017 科技人才元数据元素集,公开,科技人才任职,人力资源元数据
任职单位,,,,字符串型,名称,0..20,自由文本,无,兼任学术机构或社会团体的单位名称，含学会和协会,GB_T35397-2017 科技人才元数据元素集,公开,科技人才任职,人力资源元数据
社会职务或者学术任职的名称,,,,字符串型,名称,0..20,自由文本,无,该人担任的社会职务或者学术任职的具体名称,GB_T35397-2017 科技人才元数据元素集,公开,科技人才任职,人力资源元数据
起始时间,,,,日期时间型,日期,8,YYYY-MM-DD,无,见GB/T7408一2005中5.2.1.1扩展表示法YYYY-MM-DD，例如：1980-01-01。信息不全的日期建议采集到年份，采集不到信息用“9999”表示,GB_T35397-2017 科技人才元数据元素集,公开,科技人才任职,人力资源元数据
结束时间,,,,日期时间型,日期,8,YYYY-MM-DD,无,见GB/T7408一2005中5.2.1.1扩展表示法YYYY-MM-DD，例如：1980-01-01。信息不全的日期建议采集到年份，采集不到信息用“9999”表示,GB_T35397-2017 科技人才元数据元素集,公开,科技人才任职,人力资源元数据
学习经历记录的ID,,,,数值型,标识符,0..20,"(0,999999999999)",无,学习经历记录的唯一标识,GB_T35397-2017 科技人才元数据元素集,公开,科技人才教育经历,人力资源元数据
科技人才ID,,,,字符串型,标识符,0..20,自由文本,无,指科技人才的唯一身份标识，是对科技人才重名的解决机制。建议采用符合规范标识体系的字符串进行标识，并使用全局统一的编码规则,GB_T35397-2017 科技人才元数据元素集,公开,科技人才教育经历,人力资源元数据
毕业院校名称,,,,字符串型,名称,0..20,自由文本,无,毕业院校名称,GB_T35397-2017 科技人才元数据元素集,公开,科技人才教育经历,人力资源元数据
毕业院系名称,,,,字符串型,名称,0..20,自由文本,无,毕业院校的院系名称,GB_T35397-2017 科技人才元数据元素集,公开,科技人才教育经历,人力资源元数据
学科,,,,字符串型,名称,0..20,自由文本,无,学科编码，可以多值，用分号（中英文均可）分隔；见GB/T13745,GB_T35397-2017 科技人才元数据元素集,公开,科技人才教育经历,人力资源元数据
专业名称,,,,字符串型,名称,0..20,自由文本,无,该人取得学历所学专业的分类，见JB/DM-BZKZY-2006或JB/DM-HSSZY-2006,GB_T35397-2017 科技人才元数据元素集,公开,科技人才教育经历,人力资源元数据
学位名称,,,,字符串型,名称,0..20,自由文本,无,获得学位，见GB/T6864,GB_T35397-2017 科技人才元数据元素集,公开,科技人才教育经历,人力资源元数据
学历名称,,,,字符串型,名称,0..20,自由文本,无,由国家认可的该人在国内、外各类教育机构接受正式教育并取得学历证书的学习经历名称。见GB/T4658,GB_T35397-2017 科技人才元数据元素集,公开,科技人才教育经历,人力资源元数据
入学时间,,,,日期时间型,日期,8,YYYY-MM-DD,无,该人取得学历学习的起始日期，见GB/T7408一2005中5.2.1.1扩展表示法YYYY-MM-DD，例如：1980-01-01。信息不全的日期建议采集到年份，采集不到信息用“9999”表示,GB_T35397-2017 科技人才元数据元素集,公开,科技人才教育经历,人力资源元数据
毕业时间,,,,日期时间型,日期,8,YYYY-MM-DD,无,该人完成学历教育并获得证书的日期，见GB/T7408一2005中5.2.1.1扩展表示法YYYY-MM-DD，例如：1980-01-01。信息不全的日期建议采集到年份，采集不到信息用“9999”表示,GB_T35397-2017 科技人才元数据元素集,公开,科技人才教育经历,人力资源元数据
进修经历记录的ID,,,,数值型,标识符,0..20,"(0,999999999999)",无,进修经历记录的唯一标识,GB_T35397-2017 科技人才元数据元素集,公开,科技人才培训交流经历,人力资源元数据
科技人才ID,,,,字符串型,标识符,0..20,自由文本,无,指科技人才的唯一身份标识，是对科技人才重名的解决机制。建议采用符合规范标识体系的字符串进行标识，并使用全局统一的编码规则,GB_T35397-2017 科技人才元数据元素集,公开,科技人才培训交流经历,人力资源元数据
培训内容,,,,字符串型,文本,0..20,自由文本,无,参与培训或者进修的学习内容,GB_T35397-2017 科技人才元数据元素集,公开,科技人才培训交流经历,人力资源元数据
培训机构,,,,字符串型,名称,0..20,自由文本,无,进修机构,GB_T35397-2017 科技人才元数据元素集,公开,科技人才培训交流经历,人力资源元数据
开始时间,,,,日期时间型,日期,8,YYYY-MM-DD,无,培训开始时间，见GB/T7408一2005中5.2.1.1扩展表示法YYYY-MM-DD，例如：1980-01-01。信息不全的日期建议采集到年份，采集不到信息用“9999”表示,GB_T35397-2017 科技人才元数据元素集,公开,科技人才培训交流经历,人力资源元数据
结束时间,,,,日期时间型,日期,8,YYYY-MM-DD,无,培训结束时间，见GB/T7408一2005中5.2.1.1扩展表示法YYYY-MM-DD，例如：1980-01-01。信息不全的日期建议采集到年份，采集不到信息用“9999”表示,GB_T35397-2017 科技人才元数据元素集,公开,科技人才培训交流经历,人力资源元数据
证书名称,,,,字符串型,名称,0..20,自由文本,无,获取证书,GB_T35397-2017 科技人才元数据元素集,公开,科技人才培训交流经历,人力资源元数据
专长的ID,,,,数值型,标识符,0..20,"(0,999999999999)",无,专长的唯一标识,GB_T35397-2017 科技人才元数据元素集,公开,科技人才专长,人力资源元数据
科技人才ID,,,,字符串型,标识符,0..20,自由文本,无,指科技人才的唯一身份标识，是对科技人才重名的解决机制。建议采用符合规范标识体系的字符串进行标识，并使用全局统一的编码规则,GB_T35397-2017 科技人才元数据元素集,公开,科技人才专长,人力资源元数据
专长名称,,,,字符串型,名称,0..20,自由文本,无,专长名称，包括计算机、外语等能力,GB_T35397-2017 科技人才元数据元素集,公开,科技人才专长,人力资源元数据
熟练程度,,,,字符串型,文本,0..20,自由文本,无,掌握熟练程度，取值范围：精通、熟练、一般或等级,GB_T35397-2017 科技人才元数据元素集,公开,科技人才专长,人力资源元数据
奖励记录的ID,,,,数值型,标识符,0..20,"(0,999999999999)",无,奖励记录的唯一标识,GB_T35397-2017 科技人才元数据元素集,公开,科技人才奖励信息,人力资源元数据
科技人才ID,,,,字符串型,标识符,0..20,自由文本,无,指科技人才的唯一身份标识，是对科技人才重名的解决机制。建议采用符合规范标识体系的字符串进行标识，并使用全局统一的编码规则,GB_T35397-2017 科技人才元数据元素集,公开,科技人才奖励信息,人力资源元数据
奖励名称,,,,字符串型,名称,0..20,自由文本,无,奖励的全称,GB_T35397-2017 科技人才元数据元素集,公开,科技人才奖励信息,人力资源元数据
授予机构,,,,字符串型,名称,0..20,自由文本,无,授予机构,GB_T35397-2017 科技人才元数据元素集,公开,科技人才奖励信息,人力资源元数据
获得时间,,,,日期时间型,日期,8,YYYY-MM-DD,无,见GB/T7408一2005中5.2.1.1扩展表示法YYYY-MM-DD，例如：1980-01-01。信息不全的日期建议采集到年份，采集不到信息用“9999”表示,GB_T35397-2017 科技人才元数据元素集,公开,科技人才奖励信息,人力资源元数据
结束时间,,,,日期时间型,日期,8,YYYY-MM-DD,无,见GB/T7408一2005中5.2.1.1扩展表示法YYYY-MM-DD，例如：1980-01-01。信息不全的日期建议采集到年份，采集不到信息用“9999”表示,GB_T35397-2017 科技人才元数据元素集,公开,科技人才奖励信息,人力资源元数据
奖励级别,,,,字符串型,文本,0..20,自由文本,无,奖励级别,GB_T35397-2017 科技人才元数据元素集,公开,科技人才奖励信息,人力资源元数据
奖励原因,,,,字符串型,文本,0..20,自由文本,无,获奖原因,GB_T35397-2017 科技人才元数据元素集,公开,科技人才奖励信息,人力资源元数据
奖励内容,,,,字符串型,文本,0..20,自由文本,无,奖励内容,GB_T35397-2017 科技人才元数据元素集,公开,科技人才奖励信息,人力资源元数据
荣誉记录的ID,,,,数值型,标识符,0..20,"(0,999999999999)",无,荣誉记录的唯一标识,GB_T35397-2017 科技人才元数据元素集,公开,科技人才荣誉信息,人力资源元数据
科技人才ID,,,,字符串型,标识符,0..20,自由文本,无,指科技人才的唯一身份标识，是对科技人才重名的解决机制。建议采用符合规范标识体系的字符串进行标识，并使用全局统一的编码规则,GB_T35397-2017 科技人才元数据元素集,公开,科技人才荣誉信息,人力资源元数据
荣誉名称,,,,字符串型,名称,0..20,自由文本,无,荣誉名称,GB_T35397-2017 科技人才元数据元素集,公开,科技人才荣誉信息,人力资源元数据
授予机构,,,,字符串型,名称,0..20,自由文本,无,荣誉授予机构,GB_T35397-2017 科技人才元数据元素集,公开,科技人才荣誉信息,人力资源元数据
获得时间,,,,日期时间型,日期,8,YYYY-MM-DD,无,见GB/T7408一2005中5.2.1.1扩展表示法YYYY-MM-DD，例如：1980-01-01。信息不全的日期建议采集到年份，采集不到信息用“9999”表示,GB_T35397-2017 科技人才元数据元素集,公开,科技人才荣誉信息,人力资源元数据
结束时间,,,,日期时间型,日期,8,YYYY-MM-DD,无,见GB/T7408一2005中5.2.1.1扩展表示法YYYY-MM-DD，例如：1980-01-01。信息不全的日期建议采集到年份，采集不到信息用“9999”表示,GB_T35397-2017 科技人才元数据元素集,公开,科技人才荣誉信息,人力资源元数据
惩罚记录的ID,,,,数值型,标识符,0..20,"(0,999999999999)",无,惩罚记录的唯一标识,GB_T35397-2017 科技人才元数据元素集,公开,科技人才惩罚信息,人力资源元数据
科技人才ID,,,,字符串型,标识符,0..20,自由文本,无,指科技人才的唯一身份标识，是对科技人才重名的解决机制。建议采用符合规范标识体系的字符串进行标识，并使用全局统一的编码规则,GB_T35397-2017 科技人才元数据元素集,公开,科技人才惩罚信息,人力资源元数据
惩罚名称,,,,字符串型,名称,0..20,自由文本,无,惩罚的全称,GB_T35397-2017 科技人才元数据元素集,公开,科技人才惩罚信息,人力资源元数据
惩罚原因,,,,字符串型,文本,0..20,自由文本,无,惩罚的原因,GB_T35397-2017 科技人才元数据元素集,公开,科技人才惩罚信息,人力资源元数据
惩罚机构,,,,字符串型,名称,0..20,自由文本,无,惩罚的机构,GB_T35397-2017 科技人才元数据元素集,公开,科技人才惩罚信息,人力资源元数据
获得时间,,,,日期时间型,日期,8,YYYY-MM-DD,无,见GB/T7408一2005中5.2.1.1扩展表示法YYYY-MM-DD，例如：1980-01-01。信息不全的日期建议采集到年份，采集不到信息用“9999”表示,GB_T35397-2017 科技人才元数据元素集,公开,科技人才惩罚信息,人力资源元数据
结束时间,,,,日期时间型,日期,8,YYYY-MM-DD,无,见GB/T7408一2005中5.2.1.1扩展表示法YYYY-MM-DD，例如：1980-01-01。信息不全的日期建议采集到年份，采集不到信息用“9999”表示,GB_T35397-2017 科技人才元数据元素集,公开,科技人才惩罚信息,人力资源元数据
项目ID,,,,数值型,标识符,0..20,"(0,999999999999)",无,项目唯一标识,GB_T35397-2017 科技人才元数据元素集,公开,科技人才惩罚信息，参与课题项目,人力资源元数据
科技人才ID,,,,字符串型,标识符,0..20,自由文本,无,指科技人才的唯一身份标识，是对科技人才重名的解决机制。建议采用符合规范标识体系的字符串进行标识，并使用全局统一的编码规则,GB_T35397-2017 科技人才元数据元素集,公开,科技人才惩罚信息，参与课题项目,人力资源元数据
项目名称,,,,字符串型,名称,0..20,自由文本,无,项目或课题的规范名称,GB_T35397-2017 科技人才元数据元素集,公开,科技人才惩罚信息，参与课题项目,人力资源元数据
项目编号,,,,字符串型,代码,0..20,自由文本,无,项目或课题编号,GB_T35397-2017 科技人才元数据元素集,公开,科技人才惩罚信息，参与课题项目,人力资源元数据
委托单位,,,,字符串型,名称,0..20,自由文本,无,委托单位,GB_T35397-2017 科技人才元数据元素集,公开,科技人才惩罚信息，参与课题项目,人力资源元数据
承担单位,,,,字符串型,名称,0..20,自由文本,无,承担单位,GB_T35397-2017 科技人才元数据元素集,公开,科技人才惩罚信息，参与课题项目,人力资源元数据
项目类别,,,,字符串型,文本,0..20,自由文本,无,可以自建受控词表，用于检索、分类统计,GB_T35397-2017 科技人才元数据元素集,公开,科技人才惩罚信息，参与课题项目,人力资源元数据
项目简介,,,,字符串型,文本,0..20,自由文本,无,项目或课题简介,GB_T35397-2017 科技人才元数据元素集,公开,科技人才惩罚信息，参与课题项目,人力资源元数据
项目领域,,,,字符串型,文本,0..20,自由文本,无,项目或课题所在的领域，多领域可用“，分割,GB_T35397-2017 科技人才元数据元素集,公开,科技人才惩罚信息，参与课题项目,人力资源元数据
承担角色,,,,字符串型,名称,0..20,自由文本,无,该人项目或课题中所负责任和所起的实际作用,GB_T35397-2017 科技人才元数据元素集,公开,科技人才惩罚信息，参与课题项目,人力资源元数据
承担人排序,,,,字符串型,代码,12,"(0,999999999999)",无,承担该项目或课题的承担人排序号,GB_T35397-2017 科技人才元数据元素集,公开,科技人才惩罚信息，参与课题项目,人力资源元数据
开始时间,,,,日期时间型,日期,8,YYYY-MM-DD,无,见GB/T7408一2005中5.2.1.1扩展表示法YYYY-MM-DD，例如：1980-01-01。信息不全的日期建议采集到年份，采集不到信息用“9999”表示,GB_T35397-2017 科技人才元数据元素集,公开,科技人才惩罚信息，参与课题项目,人力资源元数据
结束时间,,,,日期时间型,日期,8,YYYY-MM-DD,无,见GB/T7408一2005中5.2.1.1扩展表示法YYYY-MM-DD，例如：1980-01-01。信息不全的日期建议采集到年份，采集不到信息用“9999”表示,GB_T35397-2017 科技人才元数据元素集,公开,科技人才惩罚信息，参与课题项目,人力资源元数据
专著ID,,,,数值型,标识符,0..20,"(0,999999999999)",无,专著唯一标识,GB_T35397-2017 科技人才元数据元素集,公开,科技人才惩罚信息，专著,人力资源元数据
DOI,,,,字符串型,标识符,0..20,自由文本,无,数字对象标识，如果没有则不填写,GB_T35397-2017 科技人才元数据元素集,公开,科技人才惩罚信息，专著,人力资源元数据
科技人才ID,,,,字符串型,标识符,0..20,自由文本,无,指科技人才的唯一身份标识，是对科技人才重名的解决机制。建议采用符合规范标识体系的字符串进行标识，并使用全局统一的编码规则,GB_T35397-2017 科技人才元数据元素集,公开,科技人才惩罚信息，专著,人力资源元数据
专著名称,,,,字符串型,名称,0..20,自由文本,无,专著名称,GB_T35397-2017 科技人才元数据元素集,公开,科技人才惩罚信息，专著,人力资源元数据
内容简介,,,,字符串型,文本,0..20,自由文本,无,内容简介,GB_T35397-2017 科技人才元数据元素集,公开,科技人才惩罚信息，专著,人力资源元数据
作者,,,,字符串型,名称,0..20,自由文本,无,作者姓名，多个作者用“，分割,GB_T35397-2017 科技人才元数据元素集,公开,科技人才惩罚信息，专著,人力资源元数据
作者次序,,,,字符串型,代码,0..20,自由文本,无,科技人才的署名次序,GB_T35397-2017 科技人才元数据元素集,公开,科技人才惩罚信息，专著,人力资源元数据
出版时间,,,,日期时间型,日期,8,YYYY-MM-DD,无,见GB/T7408一2005中5.2.1.1扩展表示法YYYY-MM-DD，例如：1980-01-01。信息不全的日期建议采集到年份，采集不到信息用“9999”表示,GB_T35397-2017 科技人才元数据元素集,公开,科技人才惩罚信息，专著,人力资源元数据
出版语言,,,,字符串型,名称,0..20,自由文本,无,出版语言,GB_T35397-2017 科技人才元数据元素集,公开,科技人才惩罚信息，专著,人力资源元数据
出版单位,,,,字符串型,名称,0..20,自由文本,无,出版单位,GB_T35397-2017 科技人才元数据元素集,公开,科技人才惩罚信息，专著,人力资源元数据
页数,,,,数值型,数量,12,"(0,999999999999)",无,页数,GB_T35397-2017 科技人才元数据元素集,公开,科技人才惩罚信息，专著,人力资源元数据
书籍ISBN,,,,字符串型,代码,0..20,自由文本,无,出版书籍的ISBN号,GB_T35397-2017 科技人才元数据元素集,公开,科技人才惩罚信息，专著,人力资源元数据
论文ID,,,,数值型,标识符,0..20,"(0,999999999999)",无,论文表唯一标识,GB_T35397-2017 科技人才元数据元素集,公开,科技人才惩罚信息，论文,人力资源元数据
DOI,,,,字符串型,标识符,0..20,自由文本,无,数字对象标识，如果没有则不填写,GB_T35397-2017 科技人才元数据元素集,公开,科技人才惩罚信息，论文,人力资源元数据
科技人才ID,,,,字符串型,标识符,0..20,自由文本,无,指科技人才的唯一身份标识，是对科技人才重名的解决机制。建议采用符合规范标识体系的字符串进行标识，并使用全局统一的编码规则,GB_T35397-2017 科技人才元数据元素集,公开,科技人才惩罚信息，论文,人力资源元数据
作者,,,,字符串型,名称,0..20,自由文本,无,作者的姓名，多个作者用“，分割,GB_T35397-2017 科技人才元数据元素集,公开,科技人才惩罚信息，论文,人力资源元数据
作者次序,,,,字符串型,代码,12,"(0,999999999999)",无,科技人才的作者署名次序,GB_T35397-2017 科技人才元数据元素集,公开,科技人才惩罚信息，论文,人力资源元数据
刊名,,,,字符串型,名称,0..20,自由文本,无,刊名,GB_T35397-2017 科技人才元数据元素集,公开,科技人才惩罚信息，论文,人力资源元数据
论文题名,,,,字符串型,名称,0..20,自由文本,无,发表的论文的题名,GB_T35397-2017 科技人才元数据元素集,公开,科技人才惩罚信息，论文,人力资源元数据
论文中文摘要,,,,字符串型,文本,0..20,自由文本,无,论文的中文摘要,GB_T35397-2017 科技人才元数据元素集,公开,科技人才惩罚信息，论文,人力资源元数据
论文英文摘要,,,,字符串型,文本,0..20,自由文本,无,论文的英文摘要,GB_T35397-2017 科技人才元数据元素集,公开,科技人才惩罚信息，论文,人力资源元数据
关键词,,,,字符串型,文本,0..20,自由文本,无,关键词,GB_T35397-2017 科技人才元数据元素集,公开,科技人才惩罚信息，论文,人力资源元数据
刊物出版年份,,,,日期时间型,日期,8,YYYY-MM-DD,无,刊物出版的年份，见GB/T7408一2005中5.2.1.1扩展表示法YYYY-MM-DD，例如：1980-01-01。信息不全的日期建议采集到年份，采集不到信息用“9999”表示,GB_T35397-2017 科技人才元数据元素集,公开,科技人才惩罚信息，论文,人力资源元数据
刊物卷号,,,,字符串型,代码,0..20,自由文本,无,刊物卷号,GB_T35397-2017 科技人才元数据元素集,公开,科技人才惩罚信息，论文,人力资源元数据
刊物期号,,,,字符串型,代码,0..20,自由文本,无,刊物期号,GB_T35397-2017 科技人才元数据元素集,公开,科技人才惩罚信息，论文,人力资源元数据
论文页码,,,,字符串型,代码,0..20,自由文本,无,论文的页码,GB_T35397-2017 科技人才元数据元素集,公开,科技人才惩罚信息，论文,人力资源元数据
中图分类号,,,,字符串型,代码,0..20,自由文本,无,中图分类号,GB_T35397-2017 科技人才元数据元素集,公开,科技人才惩罚信息，论文,人力资源元数据
基金项目,,,,字符串型,名称,0..20,自由文本,无,支持论文的基金项目,GB_T35397-2017 科技人才元数据元素集,公开,科技人才惩罚信息，论文,人力资源元数据
被引频次,,,,数值型,数量,12,"(0,999999999999)",无,该篇论文的总被引频次,GB_T35397-2017 科技人才元数据元素集,公开,科技人才惩罚信息，论文,人力资源元数据
专利ID,,,,数值型,标识符,0..20,"(0,999999999999)",无,专利唯一标识,GB_T35397-2017 科技人才元数据元素集,公开,科技人才惩罚信息，专利,人力资源元数据
科技人才ID,,,,字符串型,标识符,0..20,自由文本,无,指科技人才的唯一身份标识，是对科技人才重名的解决机制。建议采用符合规范标识体系的字符串进行标识，并使用全局统一的编码规则,GB_T35397-2017 科技人才元数据元素集,公开,科技人才惩罚信息，专利,人力资源元数据
专利名称,,,,字符串型,名称,0..20,自由文本,无,获取专利证书签发的专利名称,GB_T35397-2017 科技人才元数据元素集,公开,科技人才惩罚信息，专利,人力资源元数据
专利简介,,,,字符串型,文本,0..20,自由文本,无,专利简介,GB_T35397-2017 科技人才元数据元素集,公开,科技人才惩罚信息，专利,人力资源元数据
专利类型,,,,字符串型,文本,0..20,自由文本,无,专利类型，建议取值范围：发明专利、实用新型专利、外观设计专利,GB_T35397-2017 科技人才元数据元素集,公开,科技人才惩罚信息，专利,人力资源元数据
专利分类,,,,字符串型,文本,0..20,自由文本,无,"申请的专利分类，中国专利采用ipc。在海外获得审批的专利，包括欧专局和美专局等机构获得的专利，可参照WIPOST.36,或者美专局的标准",GB_T35397-2017 科技人才元数据元素集,公开,科技人才惩罚信息，专利,人力资源元数据
专利号,,,,字符串型,代码,0..20,自由文本,无,申请(专利）号,GB_T35397-2017 科技人才元数据元素集,公开,科技人才惩罚信息，专利,人力资源元数据
专利权人,,,,字符串型,名称,0..20,自由文本,无,享有该项专利权的所有专利权人姓名，多人用“;”隔开,GB_T35397-2017 科技人才元数据元素集,公开,科技人才惩罚信息，专利,人力资源元数据
专利权人排序,,,,字符串型,代码,12,"(0,999999999999)",无,在该项专利中的专利权人中的排序号,GB_T35397-2017 科技人才元数据元素集,公开,科技人才惩罚信息，专利,人力资源元数据
签发日期,,,,日期时间型,日期,8,YYYY-MM-DD,无,专利证书的签发日期，见GB/T7408一2005中5.2.1.1扩展表示法YYYY-MM-DD，例如：1980-01-01。信息不全的日期建议采集到年份，采集不到信息用“9999”表示,GB_T35397-2017 科技人才元数据元素集,公开,科技人才惩罚信息，专利,人力资源元数据
批准机构,,,,字符串型,名称,0..20,自由文本,无,批准该专利的机构名称,GB_T35397-2017 科技人才元数据元素集,公开,科技人才惩罚信息，专利,人力资源元数据
批准国别,,,,字符串型,代码,0..20,自由文本,无,批准该专利的国家或地区代码，参照标准,GB_T35397-2017 科技人才元数据元素集,公开,科技人才惩罚信息，专利,人力资源元数据
被引频次,,,,数值型,数量,12,"(0,999999999999)",无,该专利的总被引频次,GB_T35397-2017 科技人才元数据元素集,公开,科技人才惩罚信息，专利,人力资源元数据
科技报告ID,,,,数值型,标识符,0..20,"(0,999999999999)",无,科技报告的唯一标识,GB_T35397-2017 科技人才元数据元素集,公开,科技人才惩罚信息，科技报告,人力资源元数据
科技人才ID,,,,字符串型,标识符,0..20,自由文本,无,指科技人才的唯一身份标识，是对科技人才重名的解决机制。建议采用符合规范标识体系的字符串进行标识，并使用全局统一的编码规则,GB_T35397-2017 科技人才元数据元素集,公开,科技人才惩罚信息，科技报告,人力资源元数据
报告名称,,,,字符串型,名称,0..20,自由文本,无,科技报告名称,GB_T35397-2017 科技人才元数据元素集,公开,科技人才惩罚信息，科技报告,人力资源元数据
报告作者,,,,字符串型,名称,0..20,自由文本,无,作者的姓名，多个作者用“，分割,GB_T35397-2017 科技人才元数据元素集,公开,科技人才惩罚信息，科技报告,人力资源元数据
作者次序,,,,字符串型,代码,12,"(0,999999999999)",无,科技人才在该报告中的署名次序,GB_T35397-2017 科技人才元数据元素集,公开,科技人才惩罚信息，科技报告,人力资源元数据
中文摘要,,,,字符串型,文本,0..20,自由文本,无,中文摘要,GB_T35397-2017 科技人才元数据元素集,公开,科技人才惩罚信息，科技报告,人力资源元数据
英文摘要,,,,字符串型,文本,0..20,自由文本,无,英文摘要,GB_T35397-2017 科技人才元数据元素集,公开,科技人才惩罚信息，科技报告,人力资源元数据
科技报告关键词,,,,字符串型,文本,0..20,自由文本,无,科技报告的关键词,GB_T35397-2017 科技人才元数据元素集,公开,科技人才惩罚信息，科技报告,人力资源元数据
专利证书编制时间,,,,日期时间型,日期,8,YYYY-MM-DD,无,专利证书的签发日期，见GB/T7408一2005中5.2.1.1扩展表示法YYYY-MM-DD，例如：1980-01-01。信息不全的日期建议采集到年份，采集不到信息用“9999”表示,GB_T35397-2017 科技人才元数据元素集,公开,科技人才惩罚信息，科技报告,人力资源元数据
科技报告全文页数,,,,数值型,数量,12,"(0,999999999999)",无,该科技报告的全文页数,GB_T35397-2017 科技人才元数据元素集,公开,科技人才惩罚信息，科技报告,人力资源元数据
科技报告项目课题名称,,,,字符串型,名称,0..20,自由文本,无,产生该科技报告的依托课题或者项目名称,GB_T35397-2017 科技人才元数据元素集,公开,科技人才惩罚信息，科技报告,人力资源元数据
诚信记录ID,,,,数值型,标识符,0..20,"(0,999999999999)",无,诚信记录的唯一标识,GB_T35397-2017 科技人才元数据元素集,公开,科技人才惩罚信息，科研诚信,人力资源元数据
科技人才ID,,,,字符串型,标识符,0..20,自由文本,无,指科技人才的唯一身份标识，是对科技人才重名的解决机制。建议采用符合规范标识体系的字符串进行标识，并使用全局统一的编码规则,GB_T35397-2017 科技人才元数据元素集,公开,科技人才惩罚信息，科研诚信,人力资源元数据
行为内容,,,,字符串型,文本,0..20,自由文本,无,在科研和学术活动中发生的诚信问题的内容说明,GB_T35397-2017 科技人才元数据元素集,公开,科技人才惩罚信息，科研诚信,人力资源元数据
行为类型,,,,字符串型,文本,0..20,自由文本,无,在科研和学术活动中发生的诚信问题的类型,GB_T35397-2017 科技人才元数据元素集,公开,科技人才惩罚信息，科研诚信,人力资源元数据
经办单位,,,,字符串型,名称,0..20,自由文本,无,对诚信问题进行处理的经办单位,GB_T35397-2017 科技人才元数据元素集,公开,科技人才惩罚信息，科研诚信,人力资源元数据
处理结果,,,,字符串型,文本,0..20,自由文本,无,诚信问题的处理结果,GB_T35397-2017 科技人才元数据元素集,公开,科技人才惩罚信息，科研诚信,人力资源元数据
处理时间,,,,日期时间型,日期,8,YYYY-MM-DD,无,处理结果发布时间，见GB/T7408一2005中5.2.1.1扩展表示法YYYY-MM-DD，例如：1980-01-01。信息不全的日期建议采集到年份，采集不到信息用“9999”表示,GB_T35397-2017 科技人才元数据元素集,公开,科技人才惩罚信息，科研诚信,人力资源元数据
行为态度,,,,字符串型,文本,0..20,自由文本,无,对诚信问题的后续态度,GB_T35397-2017 科技人才元数据元素集,公开,科技人才惩罚信息，科研诚信,人力资源元数据
有效期,,,,日期时间型,日期,8,YYYY-MM-DD,无,处理结果有效期限,GB_T35397-2017 科技人才元数据元素集,公开,科技人才惩罚信息，科研诚信,人力资源元数据
报文头,,,,字符串型,文本,0..20,自由文本,无,"报文开始,给出报文标识、报文功能、报文参考号、交换双方的标识及报文生成日期/时间等",GB_T32846-2016 科技平台元数据汇交报文格式的设计规则,公开,报文结构及标记,通用质量特性要求元数据
报文标识,,,,字符串型,标识符,0..20,自由文本,无,给出报文标识的名称和报文格式、版本等信息,GB_T32846-2016 科技平台元数据汇交报文格式的设计规则,公开,报文结构及标记,通用质量特性要求元数据
报文功能,,,,字符串型,文本,0..20,自由文本,无,给出报文的功能,GB_T32846-2016 科技平台元数据汇交报文格式的设计规则,公开,报文结构及标记,通用质量特性要求元数据
发送方标识,,,,字符串型,标识符,0..20,自由文本,无,"发送方的唯一标识,如组织机构代码",GB_T32846-2016 科技平台元数据汇交报文格式的设计规则,公开,报文结构及标记,通用质量特性要求元数据
接收方标识,,,,字符串型,标识符,0..20,自由文本,无,报文接收方的标识,GB_T32846-2016 科技平台元数据汇交报文格式的设计规则,公开,报文结构及标记,通用质量特性要求元数据
报文生成日期,,,,日期时间型,日期,8,YYYY-MM-DD,无,该报文生成的日期和时间,GB_T32846-2016 科技平台元数据汇交报文格式的设计规则,公开,报文结构及标记,通用质量特性要求元数据
报文体,,,,字符串型,文本,0..20,自由文本,无,报文中涉及科技平台元数据汇交业务的相关部分,GB_T32846-2016 科技平台元数据汇交报文格式的设计规则,公开,报文结构及标记,通用质量特性要求元数据
签名信息,,,,字符串型,文本,0..20,自由文本,无,"如需对报文进行数字签名,应采用W3C颁布的XML数字签名规范(W3CXMLsigna-turerecommendationon12February2002)进行加签处理",GB_T32846-2016 科技平台元数据汇交报文格式的设计规则,公开,报文结构及标记,通用质量特性要求元数据
科技资源的标识符,,,,字符串型,标识符,0..20,自由文本,无,科技资源的唯一标识编码,GB_T32846-2016 科技平台元数据汇交报文格式的设计规则,公开,报文结构及标记,通用质量特性要求元数据
科技资源的名称,,,,字符串型,名称,0..20,自由文本,无,科技资源的名称,GB_T32846-2016 科技平台元数据汇交报文格式的设计规则,公开,报文结构及标记,通用质量特性要求元数据
最近提交日期,,,,日期时间型,日期,8,YYYY-MM-DD,无,最近一次提交核心元数据的日期,GB_T32846-2016 科技平台元数据汇交报文格式的设计规则,公开,报文结构及标记,通用质量特性要求元数据
科技资源内容的描述,,,,字符串型,文本,0..20,自由文本,无,科技资源内容的综述性介绍。包括科技资源的来源、特征、指标、用途等,GB_T32846-2016 科技平台元数据汇交报文格式的设计规则,公开,报文结构及标记,通用质量特性要求元数据
提交资源核心元数据的提交机构,,,,字符串型,名称,0..20,自由文本,无,提交资源核心元数据的单位或机构,GB_T32846-2016 科技平台元数据汇交报文格式的设计规则,公开,报文结构及标记,通用质量特性要求元数据
提交机构名称,,,,字符串型,名称,0..20,自由文本,无,提交机构的组织机构名称,GB_T32846-2016 科技平台元数据汇交报文格式的设计规则,公开,报文结构及标记,通用质量特性要求元数据
提交机构通信地址,,,,字符串型,名称,0..20,自由文本,无,与提交机构联系的通信地址,GB_T32846-2016 科技平台元数据汇交报文格式的设计规则,公开,报文结构及标记,通用质量特性要求元数据
提交机构邮政编码,,,,字符串型,代码,0..20,自由文本,无,与提交机构通信地址相对应的邮政编码,GB_T32846-2016 科技平台元数据汇交报文格式的设计规则,公开,报文结构及标记,通用质量特性要求元数据
提交机构联系电话,,,,字符串型,代码,8,"(0,99999999)",无,提交机构联系人的联系电话,GB_T32846-2016 科技平台元数据汇交报文格式的设计规则,公开,报文结构及标记,通用质量特性要求元数据
提交机构电子邮箱,,,,字符串型,代码,0..20,自由文本,无,提交机构联系人的电子邮件地址,GB_T32846-2016 科技平台元数据汇交报文格式的设计规则,公开,报文结构及标记,通用质量特性要求元数据
资源信息主题关键词,,,,字符串型,文本,0..20,自由文本,无,用于描述资源信息主题的通用词、形式化词或短语,GB_T32846-2016 科技平台元数据汇交报文格式的设计规则,公开,报文结构及标记,通用质量特性要求元数据
访问限制,,,,字符串型,文本,0..20,自由文本,无,"为保护隐私权或知识产权,对访问资源信息施加的限制或约束",GB_T32846-2016 科技平台元数据汇交报文格式的设计规则,公开,报文结构及标记,通用质量特性要求元数据
资源类别_,,,,字符串型,文本,0..20,自由文本,无,资源的分类信息,GB_T32846-2016 科技平台元数据汇交报文格式的设计规则,公开,报文结构及标记,通用质量特性要求元数据
类目名称,,,,字符串型,名称,0..20,自由文本,无,用于描述资源主题的通用词、形式化词或短语,GB_T32846-2016 科技平台元数据汇交报文格式的设计规则,公开,报文结构及标记,通用质量特性要求元数据
类目代码,,,,字符串型,代码,8,"(0,99999999)",无,分类标准中类目名称对应的代码,GB_T32846-2016 科技平台元数据汇交报文格式的设计规则,公开,报文结构及标记,通用质量特性要求元数据
分类标准名称,,,,字符串型,名称,0..20,自由文本,无,分类标准名称,GB_T32846-2016 科技平台元数据汇交报文格式的设计规则,公开,报文结构及标记,通用质量特性要求元数据
分类标准版本号,,,,字符串型,代码,0..20,自由文本,无,分类标准版本号,GB_T32846-2016 科技平台元数据汇交报文格式的设计规则,公开,报文结构及标记,通用质量特性要求元数据
资源信息链接地址,,,,字符串型,文本,0..20,自由文本,无,资源详细信息的有效绝对网络地址,GB_T32846-2016 科技平台元数据汇交报文格式的设计规则,公开,报文结构及标记,通用质量特性要求元数据
数字签名,,,,字符串型,文本,0..20,自由文本,无,"如需对报文进行数字签名,应采用W3C颁布的XML数字签名规范(W3CXMLsignaturerecommendationon12February2002)进行加签处理",GB_T32846-2016 科技平台元数据汇交报文格式的设计规则,公开,报文结构及标记,通用质量特性要求元数据
科技报告题名,,,,字符串型,名称,0..20,自由文本,无,科技报告题名,GB_T30535-2014 科技报告元数据规范,公开,元素及其修饰词,项目管理元数据
科技报告作者,,,,字符串型,名称,0..20,自由文本,无,创建科技报告知识内容的主要个人或团体,GB_T30535-2014 科技报告元数据规范,公开,元素及其修饰词,项目管理元数据
科技报告主题,,,,字符串型,名称,0..20,自由文本,无,科技报告的主题描述,GB_T30535-2014 科技报告元数据规范,公开,元素及其修饰词,项目管理元数据
科技报告描述,,,,字符串型,文本,0..255,自由文本,无,科技报告的内容说明,GB_T30535-2014 科技报告元数据规范,公开,元素及其修饰词,项目管理元数据
科技报告相关日期,,,,日期时间型,日期,8,YYYY-MM-DD,无,记录与科技报告生命周期中某个事件相关的时间,GB_T30535-2014 科技报告元数据规范,公开,元素及其修饰词,项目管理元数据
科技报告格式,,,,字符串型,文本,0..255,自由文本,无,科技报告的文件格式、物理媒体或尺寸规格,GB_T30535-2014 科技报告元数据规范,公开,元素及其修饰词,项目管理元数据
科技报告标识符,,,,字符串型,标识符,0..20,自由文本,无,在特定范围内给予科技报告的一个明确的标识,GB_T30535-2014 科技报告元数据规范,公开,元素及其修饰词,项目管理元数据
科技报告语种,,,,字符串型,文本,0..255,自由文本,无,描述科技报告的内容语种,GB_T30535-2014 科技报告元数据规范,公开,元素及其修饰词,项目管理元数据
科技报告关联,,,,字符串型,文本,0..255,自由文本,无,与本科技报告具有同级关联关系的信息，如科技报告编号、项目课题名称及编号等,GB_T30535-2014 科技报告元数据规范,公开,元素及其修饰词,项目管理元数据
科技报告权限,,,,字符串型,文本,0..255,自由文本,无,科技报告授权使用的信息和约束,GB_T30535-2014 科技报告元数据规范,公开,元素及其修饰词,项目管理元数据
科技报告类型,,,,字符串型,文本,0..255,自由文本,无,反映科技报告体裁类型的类别代码,GB_T30535-2014 科技报告元数据规范,公开,元素及其修饰词,项目管理元数据
科技项目,,,,字符串型,文本,0..255,自由文本,无,在国家或地方科技计划中实施安排，由单位或个人承担，并在一定时间周期内进行的科学技术研究开发活动,GB_T30535-2014 科技报告元数据规范,公开,元素及其修饰词,项目管理元数据
馆藏信息,,,,字符串型,文本,0..255,自由文本,无,用以标识以物理形式存在的科技报告的可获取位置,GB_T30535-2014 科技报告元数据规范,公开,元素及其修饰词,项目管理元数据
科技报告交替题名,,,,字符串型,名称,0..20,自由文本,无,可代替科技报告正式题名的其他任何题名,GB_T30535-2014 科技报告元数据规范,公开,元素及其修饰词,项目管理元数据
作者单位,,,,字符串型,名称,0..20,自由文本,无,作者所属单位的名称,GB_T30535-2014 科技报告元数据规范,公开,元素及其修饰词,项目管理元数据
责任者说明,,,,字符串型,文本,0..255,自由文本,无,创建者的相关说明内容,GB_T30535-2014 科技报告元数据规范,公开,元素及其修饰词,项目管理元数据
责任者顺序,,,,字符串型,文本,0..255,自由文本,无,作者在科技报告内容形成过程中通过区分所承担的不同职责，而形成的责任顺序,GB_T30535-2014 科技报告元数据规范,公开,元素及其修饰词,项目管理元数据
科技报告分类号,,,,字符串型,代码,0..24,自由文本,无,根据特定分类法对科技报告赋予的分类标识,GB_T30535-2014 科技报告元数据规范,公开,元素及其修饰词,项目管理元数据
科技报告主题词,,,,字符串型,文本,0..255,自由文本,无,根据特定主题词表对科技报告进行标引所采用的词或短语,GB_T30535-2014 科技报告元数据规范,公开,元素及其修饰词,项目管理元数据
科技报告关键词,,,,字符串型,文本,0..255,自由文本,无,由科技报告作者给出的表示科技报告内容主题的中英文词汇,GB_T30535-2014 科技报告元数据规范,公开,元素及其修饰词,项目管理元数据
科技报告目次,,,,字符串型,文本,0..255,自由文本,无,组成科技报告的所有单元的列表,GB_T30535-2014 科技报告元数据规范,公开,元素及其修饰词,项目管理元数据
科技报告中的图表清单,,,,字符串型,文本,0..255,自由文本,无,科技报告中的图和表列表,GB_T30535-2014 科技报告元数据规范,公开,元素及其修饰词,项目管理元数据
科技报告中的符号说明,,,,字符串型,文本,0..255,自由文本,无,科技报告中的术语、缩略语、符号等说明,GB_T30535-2014 科技报告元数据规范,公开,元素及其修饰词,项目管理元数据
科技报告内容摘要,,,,字符串型,文本,0..255,自由文本,无,科技报告内容的摘要,GB_T30535-2014 科技报告元数据规范,公开,元素及其修饰词,项目管理元数据
科技报告的特别声明,,,,字符串型,文本,0..255,自由文本,无,与科技报告内容产生相关及其需要特别说明的相关信息,GB_T30535-2014 科技报告元数据规范,公开,元素及其修饰词,项目管理元数据
科技报告的资助机构,,,,字符串型,文本,0..255,自由文本,无,产生科技报告的科技项目资助机构,GB_T30535-2014 科技报告元数据规范,公开,元素及其修饰词,项目管理元数据
科技报告的参考文献,,,,字符串型,文本,0..255,自由文本,无,科技报告所附参考文献列表,GB_T30535-2014 科技报告元数据规范,公开,元素及其修饰词,项目管理元数据
科技报告的起止日期,,,,日期时间型,日期,8,YYYY-MM-DD,无,科技报告所覆盖的时期范围。如年度报告所覆盖的年度,GB_T30535-2014 科技报告元数据规范,公开,元素及其修饰词,项目管理元数据
科技报告的完成日期,,,,日期时间型,日期,8,YYYY-MM-DD,无,科技报告撰写完成的日期,GB_T30535-2014 科技报告元数据规范,公开,元素及其修饰词,项目管理元数据
科技报告的提交日期,,,,日期时间型,日期,8,YYYY-MM-DD,无,科技报告经过审核后正式提交的日期,GB_T30535-2014 科技报告元数据规范,公开,元素及其修饰词,项目管理元数据
科技报告文件的范围,,,,日期时间型,日期,8,YYYY-MM-DD,无,电子版科技报告文件的字节数,GB_T30535-2014 科技报告元数据规范,公开,元素及其修饰词,项目管理元数据
科技报告页码,,,,字符串型,代码,0..24,自由文本,无,科技报告页码数,GB_T30535-2014 科技报告元数据规范,公开,元素及其修饰词,项目管理元数据
科技报告文件的权限声明,,,,字符串型,文本,0..255,自由文本,无,科技报告的授权使用说明,GB_T30535-2014 科技报告元数据规范,公开,元素及其修饰词,项目管理元数据
辑要页密级,,,,字符串型,文本,0..255,自由文本,无,辑要页的保密级别，保密级别分为公开、限制、秘密、机密和绝密,GB_T30535-2014 科技报告元数据规范,公开,元素及其修饰词,项目管理元数据
科技报告密级,,,,字符串型,文本,0..255,自由文本,无,科技报告的保密级别，保密级别分为公开、限制、秘密、机密和绝密,GB_T30535-2014 科技报告元数据规范,公开,元素及其修饰词,项目管理元数据
计划名称,,,,字符串型,名称,0..255,自由文本,无,在国家或地方科技计划中实施安排，由单位或个人承担，并在一定时间周期内进行的科学技术研究开发活动。如863计划、973计划,GB_T30535-2014 科技报告元数据规范,公开,元素及其修饰词,项目管理元数据
项目/课题名称及编号,,,,字符串型,代码,0..24,自由文本,无,在国家或地方科技计划中实施安排，由单位或个人承担，并在一定时间周期内进行的科学技术研究开发活动,GB_T30535-2014 科技报告元数据规范,公开,元素及其修饰词,项目管理元数据
项目/课题承担单位,,,,字符串型,名称,0..20,自由文本,无,承担项目/课题研究与开发任务的单位,GB_T30535-2014 科技报告元数据规范,公开,元素及其修饰词,项目管理元数据
科技报告的收藏日期,,,,日期时间型,日期,8,YYYY-MM-DD,无,科技报告收藏日期,GB_T30535-2014 科技报告元数据规范,公开,元素及其修饰词,项目管理元数据
馆藏号,,,,字符串型,代码,0..24,自由文本,无,为了检索和排架的需要给以物理形式存在的科技报告一个特定的号码,GB_T30535-2014 科技报告元数据规范,公开,元素及其修饰词,项目管理元数据
中国图书馆分类法,,,,字符串型,文本,0..24,自由文本,无,中国图书馆分类法,GB_T30535-2014 科技报告元数据规范,公开,元素及其修饰词,项目管理元数据
汉语主题词表,,,,字符串型,文本,0..255,自由文本,无,汉语主题词表,GB_T30535-2014 科技报告元数据规范,公开,元素及其修饰词,项目管理元数据
W3C-DTF,,,,日期时间型,日期,8,YYYY-MM-DD,无,由万维网联盟（界30)制定的日期和时间的编码规则一基于ISO8601的一部分,GB_T30535-2014 科技报告元数据规范,公开,元素及其修饰词,项目管理元数据
统一资源标识符（URI),,,,字符串型,标识符,0..20,自由文本,无,"统一资源标识符(UniformResourceIdentifiers,简称URI)",GB_T30535-2014 科技报告元数据规范,公开,元素及其修饰词,项目管理元数据
中国科技报告号(CRN),,,,字符串型,代码,0..24,自由文本,无,中国科技报告编号(Chinaseientificandtechnicalreportnumber),GB_T30535-2014 科技报告元数据规范,公开,元素及其修饰词,项目管理元数据
因特网资源类型(IMT),,,,字符串型,文本,0..255,自由文本,无,资源的因特网媒体类型,GB_T30535-2014 科技报告元数据规范,公开,元素及其修饰词,项目管理元数据
语种识别标签(ISO639-2),,,,字符串型,代码,0..24,自由文本,无,国际标准化组织制定的3字母语种识别代码,GB_T30535-2014 科技报告元数据规范,公开,元素及其修饰词,项目管理元数据
RFC4646语种识别标签,,,,字符串型,标识符,0..20,自由文本,无,根据04646确定的语种识别标签集合,GB_T30535-2014 科技报告元数据规范,公开,元素及其修饰词,项目管理元数据
民族名称,,,,字符串型,名称,1..10,{TAB1|R01004},无,所归属的、国家认可的、在户籍管理部门登记注册的民族,GB_T39316.5-2020 军民通用资源元数据第5部分：人员类,公开,人员类,人力资源元数据
名族代码,,,,字符串型,代码,2,{TAB1|R01004},无,标识名族的代码,GB_T39316.5-2020 军民通用资源元数据第5部分：人员类,公开,人员类,人力资源元数据
国籍名称,,,,字符串型,名称,1..80,{TAB1|R01005},无,人员具有的属于某个国家的身份,GB_T39316.5-2020 军民通用资源元数据第5部分：人员类,公开,人员类,人力资源元数据
国籍代码,,,,字符串型,代码,3,{TAB1|R01005},无,标识国籍的代码,GB_T39316.5-2020 军民通用资源元数据第5部分：人员类,公开,人员类,人力资源元数据
公民身份证号码,,,,字符串型,标识符,0..20,自由文本,无,人员居民身份证上的公民身份号码,GB_T39316.5-2020 军民通用资源元数据第5部分：人员类,公开,人员类,人力资源元数据
护照颁发国,,,,字符串型,名称,1..80,自由文本,无,颁发护照的国家名称,GB_T39316.5-2020 军民通用资源元数据第5部分：人员类,公开,人员类,人力资源元数据
护照号码,,,,字符串型,代码,1..30,自由文本,无,个人所持有的有效护照号码,GB_T39316.5-2020 军民通用资源元数据第5部分：人员类,公开,人员类,人力资源元数据
籍贯名称,,,,字符串型,名称,1..50,{TAB1|R01006},无,本人父辈出生地行政区划名称,GB_T39316.5-2020 军民通用资源元数据第5部分：人员类,公开,人员类,人力资源元数据
籍贯代码,,,,字符串型,代码,6,{TAB1|R01006},无,籍贯对应的代码,GB_T39316.5-2020 军民通用资源元数据第5部分：人员类,公开,人员类,人力资源元数据
常住地名称,,,,字符串型,名称,1..50,{TAB1|R01006},无,居住不少于一年的县级及县级以上地区,GB_T39316.5-2020 军民通用资源元数据第5部分：人员类,公开,人员类,人力资源元数据
